SK_ID_BUREAU,MONTHS_BALANCE,STATUS
6423524,-10,X
6059583,-20,0
6298033,-70,C
6562465,-2,0
5929260,-31,C
5514685,-22,C
5022798,-21,C
6647764,-4,C
5067718,-38,C
5401506,-73,C
5727697,-60,C
6008231,-13,0
5963828,-7,X
6343281,-49,0
6015031,-3,0
6646154,-9,C
5963091,-2,C
5345941,-64,X
6123135,-24,0
6696817,-12,C
5669694,-5,X
5771385,-13,C
6432794,-15,C
6191665,-89,C
5400847,-11,C
6116241,-47,C
6239134,-71,C
6836309,-40,C
5343707,-21,C
6466285,-18,C
5956286,-21,C
6689187,-55,0
6095410,-2,C
6574085,-12,C
5805157,-30,X
5764823,0,0
6343061,-2,0
6528609,-8,0
5518766,-6,C
5939926,-21,0
5061302,-10,0
6730723,-21,C
6029532,-2,0
5398867,-16,0
6637129,-24,C
6610748,-43,C
5923532,-48,C
5262512,-9,0
6519832,-23,C
6466126,-33,0
5537648,-61,C
6421150,-49,C
5884485,-12,C
6693445,-16,X
6479568,-41,C
6428627,-2,C
5282854,-15,C
5659447,0,C
6362549,-2,C
5979366,-36,C
6842589,-11,0
6079742,-8,C
5996496,-29,0
6087526,-72,C
6332498,-9,C
6254947,-7,C
5713968,-12,C
5581640,-70,C
5017230,-49,0
6161924,-60,0
6202322,-39,C
5297578,0,0
5609664,-16,X
6529169,-37,X
5126552,-16,0
5742291,-43,C
5807501,-88,X
5142145,-25,C
6698063,-40,C
6695545,-47,0
5906878,-8,X
5359591,-38,C
5051188,-12,X
6203053,-96,C
5213039,0,C
6783596,-87,C
6019999,-36,X
5730742,-41,0
5048514,-46,X
5562392,-31,0
5344315,-1,C
6107951,-12,C
6255157,-38,C
6829819,-6,0
6139360,-91,0
5852277,-46,X
5814408,-17,C
6690225,-26,X
6424449,-46,C
5028931,-57,0
6253389,-18,C
5825357,-51,C
5964368,-24,C
6297604,-15,0
6670752,-2,C
6326961,-73,0
6079788,-39,0
5632850,0,C
5343390,-39,C
6415889,-40,X
5759853,-87,C
6472478,-41,0
6100713,-37,C
5713574,-7,C
6782707,-23,C
5359795,-61,0
6543320,-31,C
6513662,-9,C
6601306,-26,0
6263340,-21,X
5224404,-48,0
5938447,-68,C
5355445,-24,C
5902181,-13,C
6309343,-40,X
6609881,-59,0
6460785,-46,C
6069047,-9,C
6123617,-18,C
5313682,-67,0
5231199,-41,X
6395940,0,C
6435784,-24,C
6652012,-13,1
5933432,-46,C
6005802,-60,X
5185666,0,5
6457650,-11,C
6090640,-53,C
6208005,-42,0
5765260,-47,C
6029581,-52,C
5574681,-26,0
6792404,-49,0
5518545,-23,C
6507373,-7,C
6430670,-46,0
6410497,-68,C
5925267,-3,X
6435196,-36,C
6374855,-22,C
6547438,-45,C
6611365,-13,C
6115992,-14,C
5852538,-15,C
6429778,-47,0
5213149,-1,C
6399423,-11,X
5625112,-47,C
6442841,-41,X
5833012,-4,0
6302262,-51,X
6588032,-43,C
6057022,-22,0
5028935,-76,0
6447567,-60,C
6098707,-75,X
6020242,-1,C
6195935,-17,C
5719652,-4,C
6579841,-35,X
6481392,-19,C
5958063,-72,0
6309634,-76,C
6779030,-70,0
5710224,-10,X
5009582,-24,X
6117005,-10,X
6210808,-47,0
5045702,-56,C
6659160,-87,0
6743446,-35,C
6429852,-12,C
5139670,-79,C
5845037,-68,C
5121194,-19,C
5828955,-22,C
6442295,-62,0
6698015,-36,0
5999594,-1,X
6539009,-14,C
5343374,-31,C
5224032,-30,C
5814963,-9,X
5892716,-28,X
5938999,-21,C
6726571,-7,0
5741122,-15,X
6284437,-4,X
5163061,-20,C
5889969,-32,C
6020100,-20,C
6607980,-56,X
5823909,-3,X
6571042,-8,0
6370308,-4,X
5170635,-14,C
6364421,-40,X
6242096,-38,X
5476367,-17,0
5936855,-3,C
5515067,-2,C
6779216,-5,0
6484858,-22,0
6588455,-40,C
6472044,-77,0
6283932,-37,C
5708144,-27,C
6691000,-6,C
6189081,-12,C
6606204,-24,C
6733352,-4,C
5095642,-20,0
6342802,-8,X
5936395,-35,C
5987324,-30,C
6015171,-18,C
6810669,-6,C
5417325,-76,X
5164908,-9,C
6519849,-38,0
5017960,-18,C
5736607,-55,C
5884448,0,C
5790139,-14,X
6801418,-33,X
5115681,-32,C
5905575,-59,C
6206504,-38,C
5514046,-19,C
5709604,-18,C
5875488,-56,C
6545062,-23,C
5230599,-49,0
6785865,-75,X
6744271,-61,C
6613701,-86,X
6270638,-12,C
5154537,-37,X
5554929,-33,C
6730116,-48,C
5078727,-11,C
6189741,-4,0
6464869,-43,X
6277544,-83,X
6432203,0,X
5023052,-8,0
6746957,-31,C
5789743,-9,C
6140247,-34,X
5578209,-86,0
6053843,-11,0
5907670,-13,C
6207913,-4,C
6343304,-55,C
6513538,-38,C
6424541,-20,0
6741855,-20,X
6780989,-58,C
5817372,-38,C
5796603,0,X
6205402,-19,X
6527667,-25,C
6031107,-14,X
6637541,-8,C
6358263,-34,X
5563516,-40,0
5892524,-8,0
5197990,-36,0
5817562,-55,C
6286205,-32,X
5398988,-3,C
5501453,-48,0
6736952,-14,X
5805151,-72,C
5935870,-18,C
6091059,-18,C
6296477,-19,C
6184473,0,0
5981825,-22,0
6428857,-61,C
5713236,-2,C
6416409,-88,C
6388843,-8,C
6284793,-14,C
5873129,-3,C
5163165,-82,0
6218355,-17,C
6122598,-27,C
6577571,-9,C
6152910,-8,0
6652091,0,C
5135542,-61,0
6065100,-48,0
5536195,-22,C
5819071,-31,1
5958613,-48,C
5296524,-26,C
6658426,-36,0
5009133,-9,0
5339844,-39,C
6763736,-23,0
6390663,-1,0
5065704,-14,C
5993185,-5,0
5067693,-1,X
6269465,-61,X
6596483,-27,C
5937977,-18,0
5953060,-9,X
6095441,-19,C
5924324,-42,C
6111293,-56,0
5045561,-8,0
6722549,-16,C
6029205,-20,X
6707238,-3,X
5902528,0,X
6451798,-39,C
6432608,-10,0
6374973,-46,C
5178683,-37,C
6065663,-65,C
5451779,-1,C
6777400,-36,X
5735582,-4,C
5641928,-28,X
5807529,-12,0
5563253,-88,0
6151296,-67,C
6559753,-27,C
6635623,-42,C
5888489,-25,X
5669528,-29,C
6128177,-83,0
5659014,-13,C
6211162,-18,X
6723393,-23,0
5579990,-35,X
6759653,-10,5
5699734,-61,C
5903404,-4,C
6348362,-78,0
5079240,-29,0
5185588,-66,C
5957072,-31,C
6406613,0,X
5355263,-43,0
6569113,-3,C
6399962,-58,0
6223528,-47,0
5816740,-51,0
6073775,-34,C
5401666,-15,X
5050704,-50,C
5825155,-14,C
6691248,-65,X
5343453,-12,0
5438540,-39,0
6183665,-1,C
6056870,-6,X
5953585,-11,C
6684653,-1,0
5857974,-43,C
6303149,-40,0
6517948,-14,X
6613868,-85,X
5833910,0,C
5837202,-22,X
5994832,0,C
6695446,-27,0
6343185,-10,C
5016341,-5,C
6611566,-15,C
5436877,-68,X
6324928,-80,C
6442668,-13,C
6474591,-1,C
5258188,-50,0
5978434,-3,X
5914454,-4,0
5899312,-74,0
6065473,-21,C
6077832,-17,C
5891522,-67,X
5229490,-71,C
5610067,-9,C
5833177,-1,C
6040496,-53,0
5126014,-11,0
5581489,-49,X
6052086,-32,0
6088529,-24,0
6746568,-5,C
6206957,-13,0
6690657,-89,C
5502389,-87,X
5900734,-27,0
6559476,-60,0
6364957,-37,X
6804776,-33,C
6837034,-21,C
6086471,-14,C
6068803,-51,C
5564542,-63,C
6575079,-48,C
6685040,-47,X
6507831,-77,C
6143672,-16,C
5934125,-52,0
6646998,-16,C
6202300,-37,C
5177867,-51,C
5436212,-15,C
5987557,-43,0
6531751,-22,C
5796317,-26,C
5058304,-32,C
5976199,-52,1
5996273,-26,0
5047889,-81,0
5889506,-51,C
5060215,-33,X
6279273,-14,0
6522924,-12,C
5125695,-20,C
5933604,-33,X
6457878,-65,C
6289982,-6,C
6469041,-38,0
5066819,-4,0
6037663,-51,C
5761475,-34,X
6690487,-10,C
6243569,-40,X
6613701,-37,X
6447986,-11,C
6568994,-24,0
6112114,-76,X
6615057,-57,C
6576527,-13,0
6326717,-7,C
5960351,-11,0
6030448,-35,C
6151271,-2,0
5416515,-13,C
5011694,-22,C
5010198,-21,0
6479569,-23,C
6695465,-20,0
6692899,-37,0
5185606,-30,C
5580177,-14,0
6286028,-28,C
5126637,-13,0
5763605,-24,C
6233736,-24,X
5424565,-27,0
5642274,-16,X
6485317,-41,C
6170254,-48,C
5017318,-7,X
6525179,-25,0
5212576,-49,C
5965302,-52,0
5016457,-10,C
6801542,-63,C
6671693,-6,0
5003943,-53,0
5017526,-13,X
6262315,-29,0
6250810,-32,C
6106482,-4,0
6023685,-7,X
6451974,-49,C
5154099,-10,0
6122212,-70,C
5295407,-21,C
6582013,-16,C
5706637,-94,X
6218959,-17,X
5890428,-26,C
6248927,-29,C
6514201,-13,C
6571463,-51,C
6605902,-32,C
5154817,-29,C
5060263,-82,X
5808296,-19,0
6658665,-50,C
5798765,-33,C
5980914,-41,C
5048342,-32,C
6068826,-56,0
5683859,-20,C
6409691,-22,C
6007047,-73,C
6779972,-46,C
6772657,-13,C
6035836,-22,C
6805329,-3,C
5942829,-63,C
5491367,-35,C
6137881,-25,C
6435587,-10,0
6326337,-11,X
6615230,-41,X
5416052,-29,X
6724113,-12,X
6800304,-10,C
5679921,0,0
5956842,-1,0
6150265,-21,0
5336191,-43,C
5262574,-14,C
6252590,-12,C
5934373,-62,5
6602957,-18,C
6263986,-32,0
6140258,-18,C
5947053,-88,C
6152763,-42,X
6146954,-5,X
6100738,-88,C
5212720,-38,C
5022472,-11,C
6472610,-27,0
5707298,-44,0
5933980,-78,C
6611631,-12,X
5060618,-35,X
5921359,-6,0
6800432,-10,X
6658534,-41,C
6723019,-63,X
6308990,-78,X
6420452,-9,0
6834594,-52,C
5041604,-16,C
6544976,-38,C
5939106,-1,C
6312405,-16,C
6610495,-51,C
6727590,-48,C
5790554,-46,C
6269481,-26,X
6412129,-32,0
6128127,-17,C
5016622,-13,C
6144136,-57,0
5960804,-47,C
5684007,-32,C
6153460,-45,C
6122843,-11,X
6279395,-12,C
6351668,-76,X
5053271,-91,X
5169603,-49,C
5097181,-34,X
6191751,-56,0
6242211,-30,0
5713033,-20,C
6399356,-14,C
5229804,-29,C
5041674,-16,0
5976943,-5,C
6763978,-52,C
6669227,-17,C
6576490,-3,C
6339403,-61,X
6638106,0,0
5122235,-13,0
6806110,-13,X
6006891,-12,0
5609608,-32,X
5701885,-33,X
6184998,-82,0
6187406,-2,0
6810270,-76,C
5637075,-21,0
5555527,-70,X
6732927,-32,C
6753211,-42,0
5398654,-54,C
6708511,-4,C
5265556,0,X
5535662,-22,C
6559842,-20,C
6693213,-6,0
6820479,-21,C
5416669,-14,C
5834554,-27,X
5938586,-56,X
6394742,-90,0
6400116,-83,C
5236492,-20,C
6815093,-9,0
6612701,-11,C
5360723,-28,X
5690304,-67,C
5633347,-53,C
6259311,-41,C
6653762,-58,X
5743365,-2,C
5359865,-21,C
6010650,-5,C
5739602,-5,C
5509023,-25,0
6641217,-36,0
6162999,-48,C
5452389,-63,X
6085834,-1,C
5897520,0,X
6420603,-1,5
5069041,-46,X
6536718,-8,C
5866055,-23,X
6262276,-7,X
5451971,-57,C
6560085,-83,0
5994224,-15,C
6442721,-55,C
6327279,-42,X
6109998,-7,C
5025205,-50,C
6085051,-44,0
5355556,-48,X
6190273,-12,0
6168723,-16,C
5467360,-38,0
6304166,-36,C
5712514,-70,X
5924115,-45,X
5298684,-13,C
5901192,-2,C
6517255,-36,C
6147254,-13,C
6416191,-55,X
6223493,-39,C
6605692,-92,0
5624954,-6,C
5270785,-9,C
5468344,-21,C
6588481,-38,C
5352677,-8,C
6057844,-51,C
6798541,-24,C
6594451,-6,X
6809973,-12,C
6170281,-82,C
5918958,-7,C
5714001,-27,C
5501732,-39,0
5541311,-34,X
6531073,-26,0
6254630,-10,X
6559164,-4,X
5137127,-1,C
5944075,-36,C
6569750,-75,0
6468523,-43,X
5628616,-54,X
6613438,-28,C
5902445,-8,C
6135069,-10,C
6137619,-7,C
5853334,-51,0
6233347,-31,C
6137872,-9,C
6641169,-4,0
6659160,-32,C
6007000,-19,0
6630567,-2,C
5033824,-4,0
6122422,-7,X
5514991,-16,C
6436188,-2,X
6805830,-22,X
5562208,-2,0
6827970,-16,C
6574795,-83,C
6302413,-52,X
6046282,-11,C
6117905,-25,C
5677465,-43,0
6291513,-79,0
6057826,-2,C
5834311,-42,C
6211622,-45,X
5265256,-23,C
6658820,-33,C
6549348,0,C
5026383,-30,C
6161647,-48,X
5711099,-28,0
6834162,-7,C
6013244,-20,C
5427206,-4,X
6312060,-27,C
6024817,-30,C
6485432,-20,0
5984661,-55,C
5816076,-20,C
5707302,-49,0
6040897,0,0
5068472,-3,0
6212594,-40,C
5282765,-8,C
6185031,-13,C
6576037,-4,C
5861149,-8,0
6605264,-9,0
6163021,-26,X
6025871,-93,C
6400161,-17,C
5535871,-63,X
5726481,-15,C
5896906,-6,C
5384511,-69,0
5765308,-3,C
5823685,-7,C
6431410,-13,C
6435198,-51,C
5861026,-42,0
6189628,-3,X
6360438,-48,C
5811666,-23,X
6374921,-31,C
6669113,-3,C
6603473,-33,C
6786116,-75,C
5956783,-36,C
5016695,-14,X
5354265,-46,0
6099973,-31,C
5465537,-22,C
6771848,-50,C
5581583,-6,C
5050891,-44,0
5564427,-47,0
6793665,-15,0
5784521,-43,C
5029705,-5,X
5844856,-34,C
5566705,-18,0
5815443,-92,0
5279154,-14,C
5963923,-19,C
6032211,-18,X
6097709,-17,X
5744322,-68,C
6575757,-2,C
6430377,-72,C
6169497,-49,0
6763688,-55,X
6820541,-5,X
5993821,-37,C
6147686,-76,C
6699394,-73,C
5709116,-50,0
6596770,-36,C
5350039,-27,0
5501717,-58,C
6661241,-15,0
6232985,-21,C
6508809,-58,0
6549338,-1,0
6481328,-23,C
6407264,-9,C
5794701,-9,C
5737297,-77,X
6241407,-14,C
5980830,-34,X
6158728,-29,C
6317090,-39,C
6013165,-19,X
6567245,-4,0
6735307,-9,C
5680178,-14,C
6375675,-96,0
5932610,-17,C
5023997,-6,C
6064180,-44,C
6466443,-52,X
5116931,-17,0
6053000,-14,X
6468304,-5,C
6216708,-15,C
5954494,-15,C
6777330,-33,X
5942907,-55,C
6665360,-26,0
5964312,-49,C
6664429,-39,C
5236313,-3,C
6264499,-17,0
5764468,-5,0
6719962,-85,X
6108391,-86,X
6519827,-3,0
6363103,-67,X
5859041,-30,0
5135384,-15,C
5739420,-42,C
5518038,-37,X
5568967,-16,0
6097564,-24,X
6614004,-54,C
6055585,-5,C
6438819,-36,C
6669722,-15,0
6479500,-7,0
6105087,-48,C
6428641,-3,X
6138158,-7,0
5961111,-32,C
6602951,-7,C
6304587,-38,C
5875025,0,0
6339109,-21,C
6211041,-4,C
6550398,-10,C
6244139,-45,C
5964141,-25,C
5336295,-16,C
5971085,-7,0
6051519,-23,C
6447957,-27,0
6835424,-7,X
5902739,-56,C
6830348,-18,X
5068705,-9,C
5424729,-45,C
6423244,-31,C
5010545,-8,X
5297887,-8,0
6359632,-6,0
6458373,-2,0
6304027,-70,0
5775230,-25,X
6524074,-82,X
5877440,-40,C
6674441,-7,C
6523805,-37,C
6160043,-4,X
6092653,-94,0
6395581,-1,0
5022809,0,0
6580377,-15,0
5445090,-13,X
6524560,-54,C
5941038,-33,C
6464808,-5,0
6804508,-57,0
6277511,-34,X
6288981,-90,X
6073529,-53,X
5452359,-30,C
6390600,-37,C
6071119,-28,C
6480759,-22,0
6074401,0,C
5122323,-32,0
5726839,-9,0
5513471,-1,C
6531458,-16,C
6596891,-80,C
6262204,-86,0
5372113,-79,C
5122093,-62,C
6152587,-39,0
6346308,-58,0
5561951,0,X
6308231,-29,0
5121286,-9,C
5017089,-32,0
5903166,-54,C
6518333,-9,C
6558565,-32,0
5975571,-1,X
6574342,-79,X
5033813,-11,C
6406331,-13,X
5270268,-18,C
5963320,-3,X
6066511,-38,X
6216010,-18,0
5314788,-59,0
5229669,-18,C
5552207,-5,C
6476840,-20,C
6356685,-32,X
5771154,-63,C
6766039,-35,0
5542891,-18,C
5465373,-6,C
6520919,-49,0
5035557,-59,0
5266168,-27,0
6810645,-70,C
5982428,-12,C
6288981,-80,X
5051087,-26,1
6645871,-13,C
5400645,-81,X
5474553,-30,0
5385240,-91,C
5053293,-1,X
5950647,-68,C
6087459,-92,0
6562782,-74,0
5839032,-45,C
5615313,-5,C
5002330,-10,C
5041386,-1,C
6004807,-24,0
5883175,-1,C
5178234,-87,0
6315951,-33,0
5823336,-85,C
5938304,-7,C
5264528,-29,0
6743451,-16,0
5012496,-69,C
5135476,-40,C
6122307,-80,X
5224631,-57,X
6425383,-33,X
6708284,-8,C
5975987,-29,0
6183543,-13,C
6582346,-26,C
6078424,-13,0
5578134,-37,0
5983373,-49,C
6321756,-54,0
6061497,-19,0
5425029,-4,X
5372641,-9,X
6668614,-34,C
5618126,-35,X
6634589,-14,C
5790598,-40,0
6324683,-49,C
6046778,-15,X
5932948,-45,X
6054304,-40,C
6723903,0,C
5290370,-83,0
6308900,-12,X
5041490,-65,C
6175979,-4,X
5618259,-7,0
6707960,-30,0
5517968,-47,C
6216137,-44,C
5981998,-49,0
6815211,-8,C
5824392,-26,0
5021409,-70,X
5817952,-31,X
5832767,-3,X
5680794,-69,C
6524054,-31,C
6568009,-1,0
5950477,-35,C
6207793,-30,C
6804188,-28,C
6061715,-25,0
6183570,-66,0
5229892,-8,0
6138581,-10,X
6577874,-21,X
5944604,-3,X
5452363,-35,C
6514003,-31,C
5946857,-45,C
6528745,-16,0
6247952,-30,C
6079355,-22,X
6186203,-30,0
5016404,-13,0
5875843,-1,0
5794761,-49,X
6035077,-41,C
6790263,-36,C
6160962,-13,C
6029824,-3,C
6250227,0,C
6258674,-7,C
5010842,-10,C
5838225,-16,0
6161902,-37,X
6539088,-36,X
6278910,-19,C
6436731,-14,X
5563936,-41,0
6191867,-52,0
6077756,-10,0
6065915,-25,C
6549709,-33,C
5876165,-19,C
5950994,-17,C
5807405,-33,C
6205037,-16,C
5383273,-78,0
6243951,-33,C
6535740,-11,C
5289896,-55,C
5714097,-82,X
6817892,-7,C
6207615,-77,X
6472925,-25,X
6400081,-9,0
6134469,-3,C
5469528,-77,C
6011234,-22,C
6827740,0,X
5135753,-16,0
6064222,-6,C
6155238,-68,0
6357438,-72,C
6730458,-3,X
6014229,-48,X
5068957,-46,0
5940675,-8,0
5951475,-65,C
6183009,-4,C
6437278,-39,C
5320216,-35,C
5165039,-70,C
5100398,-87,C
6724240,-42,0
6623071,-51,X
6725098,-22,C
6185032,-3,C
5100401,-61,0
6263761,-13,C
6010498,-67,1
6087860,-77,C
5099836,-6,C
6781176,-19,0
5796817,-34,X
6020553,-16,X
5054100,-4,C
5961150,-56,C
6051036,-14,0
6021087,-1,X
6723658,-14,0
5585185,-14,C
6085969,-63,0
6499200,-40,0
6046119,-39,C
5921546,-45,0
5907772,-27,C
5004311,-14,X
6481823,-22,0
5906151,-19,0
6335735,-8,0
5399077,-3,0
6085655,-11,0
6061590,-65,0
5492162,-46,C
5467890,-45,X
5871870,-9,C
5845043,-33,X
5515276,-34,C
6609813,-36,0
5970616,-15,X
5765536,-14,C
6421545,-41,X
6025719,-17,C
6726841,-34,X
6452731,-6,X
5012617,-8,C
6586428,-66,C
6261639,-87,X
5038779,-5,C
6210572,-9,C
6743594,-15,C
6559915,-53,0
6637746,-1,C
5542288,-83,C
5708385,-28,X
6612717,-19,C
6019011,-1,C
6375892,-80,0
6508826,-10,C
6671091,-13,0
6832867,-20,C
6805503,-42,0
6472336,-15,C
5763979,-20,X
5878531,-1,X
5467319,0,C
6013259,-68,X
6448374,-94,X
6304478,-18,C
5478933,-2,0
5791401,-16,X
6796223,-26,X
6653627,-11,C
5857655,-51,C
6054474,-13,X
5344385,-35,C
6308295,-12,0
6723610,-47,3
6161745,-10,C
6727465,-4,C
5726492,-16,0
6217721,-41,C
6438942,-2,C
6731130,-31,C
5314993,-74,C
6342869,-52,0
6047784,-16,0
6631326,-47,0
6525623,0,X
6375033,-10,X
6718753,-16,C
6398020,-31,X
6783628,-71,C
6056951,-25,0
6023483,-48,X
5967990,-19,X
6394516,-15,X
5170164,-22,X
6560347,-13,X
5960978,-36,C
6735638,-7,C
5580082,-70,0
6243585,-12,C
6805816,-64,X
6835341,-5,X
6065061,-29,0
5877606,-38,C
5471231,-17,C
6263721,-8,C
6567522,-30,C
5405697,-85,0
6296874,-13,0
5617862,-29,0
6176888,-37,0
5242656,-20,X
5924904,-15,C
6248178,-54,C
5282573,-84,X
6087587,-39,C
6817007,-15,C
6647348,-29,0
5566991,-26,C
5668955,0,X
6263535,-14,C
5282857,-76,C
6040273,-11,C
5438637,-40,C
5901648,-26,C
6368613,0,C
5921099,-6,0
6517686,-51,0
6324707,-8,C
6209200,-1,0
6579706,-78,X
5902802,-17,C
5993597,-12,X
6804598,-66,C
6550114,-6,C
5867380,-1,C
6052683,-32,0
5025180,-32,1
5415556,-46,C
6736003,-6,C
5037280,-87,X
5853667,-25,C
5036012,-2,0
5984566,-88,X
6345878,-89,X
5819731,-54,C
5282864,-59,0
5212357,0,X
5627958,-10,0
6805440,-20,0
6804807,-32,C
6183948,-9,0
5427628,-84,X
6217546,-34,0
5957548,-81,0
5185805,-60,0
6099968,-26,C
6067019,-17,0
6209512,-53,X
6575909,-19,X
6609821,-6,X
6297075,-31,C
6468738,-90,X
6109362,-15,0
6097297,-13,C
6719037,-36,0
6611367,-21,C
6205642,-6,X
6053141,-39,X
6063581,-29,C
6731684,-75,C
5279082,-12,C
5567059,-60,C
6580097,-29,C
6284110,-20,C
6790470,-18,X
6396442,-11,C
5866051,-5,C
6019769,0,X
6779934,-1,0
5857628,-3,X
5739140,-20,X
6057043,-59,C
5230202,-42,X
5836580,-9,0
6176175,0,C
5045138,-5,0
6458301,-65,X
5902102,-23,C
5811278,-67,C
5763470,-6,C
6753771,-27,0
5642073,-4,C
5753768,-4,C
6448592,-17,C
6801507,0,C
5739526,-11,X
6218076,-15,X
6527557,-20,C
6235205,-57,X
5436946,-3,0
6021013,-27,C
6438865,-3,C
5465317,-70,C
5970855,-31,X
5468834,-33,X
5906215,0,C
5807693,-22,C
6452762,-40,0
5929759,-3,C
6816829,-62,C
5718427,-15,C
5764685,-6,X
5050884,-63,C
6078226,-46,C
5125481,-10,0
5889516,-37,C
6218961,-3,0
6546734,-9,C
5771809,-3,C
6499025,-6,X
5467182,-23,C
6801090,-25,X
6007825,-57,0
5237377,0,C
5021879,-7,C
6057682,-46,C
6828497,-14,C
5579292,-89,X
5857807,-3,C
6231985,-5,C
6586342,-2,C
6668766,-58,0
6835999,-5,0
5933090,-13,0
6094994,-18,0
6579948,-7,0
5631817,-72,5
5354023,-42,0
5878117,-61,C
6766952,-63,C
5405648,-56,0
6005210,-26,C
5180946,-74,0
6203309,-6,C
5453679,-5,C
5915886,-60,X
5645652,-56,X
5709596,-4,0
6176144,-36,0
5762560,-59,C
6253363,-7,C
6064799,-24,0
5062103,-28,X
6547920,-8,X
6345733,-43,X
6060826,-63,C
6432316,-2,C
5791108,-60,C
6736440,-12,X
5993362,-5,X
6253354,-21,C
6066512,-23,C
6090701,-39,X
6374194,-62,0
5989253,-33,X
6765882,-15,C
5467377,-43,0
5737946,-40,C
5988255,-49,0
5178449,-27,0
6744830,-8,X
6612808,-5,C
6363766,-3,C
6251353,-11,0
5761424,-31,X
6052277,-94,0
6234423,0,C
5817321,-20,C
6138112,-33,X
5839217,-36,C
6560390,-13,0
5969278,-50,X
6358138,-5,0
5785111,-54,0
5136997,-39,C
6432060,-75,0
5834437,-26,C
5811755,-22,X
5377230,-31,C
5236330,-29,C
6803844,-32,C
6803959,-16,X
5659719,-11,C
5012085,-7,C
6731742,-77,X
6321944,-21,C
6364179,-6,X
6097179,-43,0
5822786,-80,C
5971916,-13,C
6025449,-12,X
5829769,-58,0
6168582,-38,X
6228951,-71,X
5541476,-58,C
6530326,-42,0
6733515,-71,C
6810476,-16,C
6233455,-17,C
5566786,-54,C
6783394,-13,C
6611786,-3,X
6591716,-34,C
5982072,-8,C
6116581,-26,X
6614138,-49,C
5764642,-70,0
6023480,-23,C
6407805,-35,0
6624973,-25,C
6333734,-21,0
6134381,-12,C
5344273,-15,X
5178474,-48,0
6040203,-6,C
6232951,-25,C
5205742,-88,0
5985023,-21,C
6279384,-33,C
6056773,-56,0
5836924,-90,X
5017554,-62,0
6400236,-49,C
6827942,-22,C
6719526,-15,C
5054539,-89,0
5067134,-22,C
5853837,-30,C
6090609,-4,C
6031984,-29,C
6053537,-35,C
5774674,-22,C
6116489,-24,0
6090884,-35,0
5937951,-5,C
6586668,-7,C
6073756,-36,0
5741064,-32,0
5904028,-31,0
6406030,-32,0
6438524,-17,X
6027864,-59,C
5424177,-41,C
5727713,-37,C
5354726,-32,0
5903148,-8,0
6374119,-39,X
5816687,-29,X
6358911,-56,X
6311378,-21,C
5804646,-24,C
6357122,-2,C
5907482,-31,X
6466944,-1,C
5903187,0,X
5897042,-42,C
5023055,-30,0
6550958,-47,C
5922149,-43,C
6140432,-61,X
5940515,-31,C
6046012,-33,X
5236311,-73,C
5033802,-78,0
6688975,-72,C
5565435,-1,C
6193308,-11,0
5931821,-28,C
5087630,-10,C
6547680,-13,X
5061701,-7,C
6498562,-31,C
6615108,-33,0
6801844,-7,X
6045810,-2,C
5773011,-42,C
6566395,-11,X
5907313,-9,X
5906783,-10,C
6339477,-10,X
5541371,-38,X
6447917,-3,C
5615658,-8,C
5796006,-80,C
6477045,-74,C
6026498,-72,0
6058258,-44,X
5906555,-53,X
6582206,-85,X
6668897,-17,X
6035546,-42,X
5041062,-8,C
5817021,-70,C
6122210,-32,X
5580020,-36,C
5060256,-76,X
6400001,-38,C
5089451,-73,C
5342424,-73,X
6591563,-10,C
5036891,-79,0
5922691,-74,C
6097199,-80,C
6242213,-10,C
5576428,-50,0
5929145,-36,X
5467625,-26,C
6033006,-79,0
6420311,-76,0
6727643,-74,X
6140713,-12,C
6617797,-25,C
5585102,-9,0
6574482,-3,0
6447922,-32,X
6529860,-51,0
5792142,0,X
6546996,-18,0
5798722,-37,0
5790794,-46,X
6806297,-79,0
6550611,-12,C
6333569,-22,C
6364149,-57,C
6543542,-44,0
5651399,-8,C
6309290,-8,0
6202815,-9,C
6566375,-16,C
6635092,-44,0
6091116,-56,X
6100625,-60,0
5096325,-8,0
5585067,-35,C
6253575,-32,X
6781423,-30,C
6228966,-3,C
5903708,-9,C
5937502,-12,C
5812667,-15,X
6195860,-4,0
6786633,-34,C
5984133,-2,X
6809970,-48,C
5763615,-32,0
5867669,-50,X
5839995,-18,C
5518530,-12,0
6299008,-28,X
6622805,-21,0
6064014,-29,X
6571920,-17,C
6586784,-35,X
6421511,-12,0
5598795,-16,X
6424762,-80,X
5002007,-6,C
5242242,-5,C
6191356,-43,0
6210438,-17,0
6592168,-54,C
5744271,-8,0
6448355,-27,C
5682286,-23,C
6659140,-79,X
6019716,-15,0
6457854,-16,X
6547609,-12,0
5719421,-60,X
6817720,-2,0
5915697,-25,X
5193545,-2,X
5709972,-69,X
6429281,-16,X
6152634,-66,C
5236557,-43,C
5819918,-40,0
5424862,-29,0
5730815,-24,X
6466744,-9,C
6688371,-53,0
6442623,-4,C
6125438,-3,C
6752814,-57,C
5091822,-3,C
6115660,-13,C
5352535,-42,C
5949048,-4,C
6801818,-18,C
6607998,-29,0
6016454,-25,0
6186446,-7,0
5954527,-7,C
6653682,-18,0
5091657,-44,0
6485190,-9,C
6217313,-6,X
5615433,-35,X
5902069,-1,0
6202366,-26,C
6086831,-11,C
5143559,-6,C
6215367,-12,C
6390584,-3,C
6052575,0,1
6631252,-46,C
6617697,-3,C
6248891,-25,C
6117452,-74,X
5938910,-5,C
6766397,-6,C
6077400,-23,C
5517653,-22,X
5939465,-51,0
6613622,-81,0
5228946,-65,C
5021228,-36,0
5563107,-9,C
6140955,-95,0
6615056,-44,X
5477785,-16,X
5845175,-25,C
5160389,-42,C
5967992,-62,C
5951281,-38,C
6442249,-39,C
6212953,-17,C
5939278,-21,C
6565823,-18,0
6692318,-29,0
5562530,-26,X
6034981,-1,C
6530881,-68,X
6124440,-45,X
6478875,-78,C
5121906,-24,X
5892736,-24,C
5417299,-22,C
5270344,-24,C
6567353,-24,0
6807355,-11,X
6529405,-3,C
5945583,-55,0
5925216,-59,X
6735324,-17,C
6375377,-15,X
6302033,-36,X
5727802,-48,C
6154998,-8,C
6209935,-2,C
5823652,-18,X
6404237,-56,0
5878172,-18,X
5905422,-15,C
6105565,-21,0
5344723,-3,X
5559117,-14,1
6121578,-61,C
6601575,-4,C
6052166,-81,C
6450887,-33,0
6007469,-31,X
6073610,-12,0
6530996,-52,0
6559543,-44,C
6064798,-17,C
5401069,-11,0
5971452,-20,C
6249457,-27,C
5765251,-17,C
6796240,-19,C
5053356,-40,C
5933377,-3,C
6356377,-10,C
6098427,-56,0
5541834,-76,X
6111179,-74,0
6443262,-62,C
5816219,-14,C
5938596,-14,C
6280318,-38,C
5796405,-52,C
6469045,-58,X
6831055,-9,X
6407681,-73,C
6837490,-38,C
6817470,-3,C
5752308,-63,0
6098597,-45,X
5189911,-15,C
6182989,-17,C
6507884,-2,0
6424462,-48,0
5120873,-32,C
6452336,-52,X
5970424,-55,C
6342978,-5,C
6108609,-13,0
6077090,-36,C
5906879,-39,0
5290480,-9,0
5876938,-85,C
5029144,-20,0
6215774,-68,X
6698262,-19,C
5769140,-63,X
6759561,-45,C
5707277,-27,X
6481761,-10,X
6193508,-23,0
5223763,-64,X
5518387,-43,0
6155256,-15,C
6570496,-29,C
5105807,-37,C
6735504,-63,0
5095397,-59,C
6055733,-81,C
5022320,-8,X
5562733,-39,C
6624819,-58,X
5011542,-4,C
6577372,-26,C
5938811,-47,C
6014445,-18,C
6052940,-77,C
5789643,-5,C
6021977,-31,C
5914321,-20,C
5066385,-3,X
6009794,-8,C
5875418,-5,C
6099786,-65,C
5365538,-23,C
6837692,-4,0
6191294,-9,C
5679669,-6,0
5720344,-8,X
6601344,-16,X
5029472,-30,C
5980258,-8,X
5405005,-37,C
5384591,-55,X
5011188,-61,X
6530416,-19,X
6438861,-40,0
6658850,-39,C
6251655,-69,X
5828859,-4,0
5709545,-5,X
6396773,-27,X
5012115,-36,X
5659617,-25,C
6727696,-37,5
5825440,-48,X
6765073,-67,C
6387639,-50,X
6051231,-30,0
5818895,-41,X
5258778,-39,X
5416339,-13,0
6096287,-54,X
6284238,-47,C
5058450,-21,C
6810931,-29,0
5028532,-34,X
5713165,-15,0
5819638,-48,0
6076644,-75,0
5541829,-21,C
6688415,-71,C
5541190,-4,X
6247440,-32,X
5818207,-73,0
5735892,-18,X
6406000,-35,C
5761333,-16,C
5701977,-87,0
6276459,-6,0
5956544,-12,X
6154721,-4,X
6086462,-45,C
5918155,-16,C
5732440,-15,0
6210954,-30,0
6216977,-6,C
5143572,-17,X
5859051,-52,X
5424348,-22,0
5038752,-64,0
6370304,-83,0
6234979,-17,C
5843247,-26,0
6735313,0,X
6241715,-34,X
6015514,-48,C
5898299,-38,0
5169037,-9,C
6386882,-3,C
5901742,-66,X
5764015,-23,0
6293540,-21,0
6734355,-11,C
5641714,-51,C
5833772,-49,C
5883867,-22,0
6308616,-79,0
6325965,-51,0
6483689,-26,C
6096808,-3,C
6292197,-16,C
6339352,-33,0
5814623,-5,X
6095452,-47,C
6623101,-8,C
5727576,-39,C
5791234,-1,X
5644995,-22,C
6299896,-35,C
5061969,-21,C
6368446,-59,C
5898671,-4,C
6527512,0,C
5993407,-21,0
5789784,-2,C
6424885,-62,0
5719984,-17,0
5097182,-87,C
5968408,-21,0
6583461,-73,0
6038343,-10,C
5212360,-42,C
6272290,-65,C
6363488,-7,C
5096189,-19,X
5415835,-14,C
6563415,-31,0
6031153,-55,C
6540516,-16,C
5854470,-34,X
6643895,-12,X
6249952,-13,X
6547129,-19,0
6090061,-22,0
6429297,-5,X
6106763,-13,C
6356886,-1,C
5854120,-18,C
6776761,-9,X
6647313,-17,C
5405285,-1,C
5089883,-11,C
5067260,-21,0
6437255,-41,0
6828531,-70,X
6028075,-65,C
5336784,-40,C
6682224,-38,C
6253801,-12,0
6218246,-2,C
6548768,-39,C
6235231,-1,0
5960096,-30,0
6387060,-18,0
6790032,-87,C
6298409,-71,C
6359249,-83,X
6691032,-33,X
6150311,-49,C
6270328,-17,X
6298561,-27,0
5352766,-29,C
5971169,0,0
5679870,-31,C
6786068,-32,0
6312065,-21,C
6035920,-18,X
6325463,-13,X
6478861,-54,C
5808499,-41,X
5988024,-24,X
6669717,-45,C
5925148,-8,C
5053943,-74,0
5815526,-25,C
6651334,-42,0
6235031,-45,0
5682258,-50,C
5012188,-28,X
6782879,-10,0
5253049,-22,0
5816787,-28,0
5060731,-87,0
6519380,-10,C
5409496,-4,C
5400656,-51,C
5125801,-60,C
6691833,-20,X
6726927,-12,X
5046347,-26,1
6061601,-39,C
5429356,-11,X
5844317,-18,0
6730875,-4,X
5025211,-72,C
5197362,-45,0
5947143,-10,0
6604782,-9,0
5883272,-36,C
5906643,-24,X
5297447,-8,X
5933965,-12,C
6468884,-21,C
6830554,-72,0
6163557,-16,C
5807975,-75,0
6186907,-28,0
5041075,-59,X
6098346,-71,1
6025493,-21,C
6617588,-27,C
6078936,-10,X
6176701,-17,C
6048119,-4,C
5467932,-9,C
6625233,-1,0
6793796,-29,C
5659257,-9,C
6804134,-21,X
5899030,-92,0
6837580,-28,0
6573831,0,C
6753565,-48,C
6129946,-33,0
5950054,-81,C
5046151,-26,C
6099969,-4,0
5934392,-24,X
6580295,-43,C
6690156,-23,X
6565908,-8,X
5914587,-11,0
6035169,-19,0
5514807,-20,C
6689967,0,C
5959442,-30,C
6735110,-11,C
6214868,-16,0
6715601,-13,0
6786428,-75,2
6591728,-4,C
6241500,-43,C
6685165,-67,0
5819035,-23,0
6216105,-5,0
6050069,-2,0
6304581,-24,C
6169887,-6,C
6208990,-32,C
6022330,-1,0
6367874,-56,C
6184450,-24,X
5149098,-31,C
5985323,-48,C
6277051,-44,0
6251359,-39,X
6091348,-34,0
5021596,-3,C
6211401,-1,0
6743523,-20,C
5840928,-47,X
5159287,-37,C
5903296,-31,C
5492468,-55,X
6653955,-21,C
6096763,-29,0
5563436,-2,C
5197956,-20,C
5314698,0,0
6602076,-11,C
6685646,-16,X
6098860,-6,0
6737332,-9,X
6064052,-45,C
5462989,-60,C
6325790,-39,C
6451167,-55,0
5003285,-55,X
5548915,-39,C
6428894,-20,C
5492639,-20,C
6230697,-32,0
6793365,-37,X
6725249,-14,C
5811570,-32,0
6119440,-83,C
6346477,-69,X
5936208,-3,X
5112804,-49,C
6140434,-1,C
6287273,-12,0
5354155,-14,0
6304624,0,C
6013233,-5,C
6298737,-28,X
6748072,-23,C
5963576,-81,X
5742882,-18,C
6772355,-75,C
6028889,-35,C
6190195,-28,C
6086547,-1,C
6363431,-47,0
6478693,-36,0
5092339,-10,C
6601630,-48,C
5004714,-28,C
6133505,-59,X
6139765,-43,0
5916200,-22,C
6460592,-49,C
6030430,-6,0
6061384,-29,C
6726031,-15,X
5628586,-77,C
6429404,-6,C
5552668,-31,X
6477165,-6,X
5839163,-74,0
5367722,-43,0
5001868,-34,X
5090761,-4,X
6577050,-8,C
6684811,-45,0
5212366,-94,C
6612324,-4,0
6548715,-17,C
6191531,-14,X
6032888,-38,0
6755077,-74,0
5944624,-31,0
6085425,-13,0
6613802,-25,X
5546643,-5,0
5491603,-83,X
6829555,-9,C
6642848,-4,0
5279312,-4,C
6587218,-13,C
6015729,-72,X
6631976,-9,C
6691380,-8,C
5424586,-18,C
5776174,-21,C
5832508,-30,C
6635317,-22,0
5819791,-28,C
6485311,-14,X
5016741,-39,0
6095591,-18,C
5989187,-36,C
6430824,-31,0
6243649,0,X
5208044,-30,0
5343943,-19,C
6333283,-49,C
6263649,-14,C
6259134,-62,X
5180908,-33,C
6015136,-1,C
5796840,-52,0
5797015,-54,C
5029727,-41,X
5466395,-70,X
6076428,-71,C
5465085,-21,C
5424991,-8,C
6048259,-38,C
6205442,-54,0
6602894,-5,C
6287625,-35,C
5796969,-85,C
5811346,-35,X
5738281,-1,C
6359309,-51,C
5444125,-5,0
6480751,-12,1
6817646,-15,0
5313926,-4,C
6472918,-9,C
5474794,-10,C
6016526,-12,C
6707715,-3,0
5901627,-13,C
6702476,-26,C
5135823,-2,C
5566835,-27,0
5832152,-51,C
5243873,-49,C
6614406,-5,C
6013015,-6,C
6839907,-24,C
6372013,-9,0
6759589,-75,C
6536419,-20,0
5953951,-12,C
6026239,-54,C
6742077,-21,0
6022533,-16,C
5181123,-76,0
5944448,-25,0
6108268,-64,X
6014337,-44,C
6288305,-6,C
6640082,-47,C
5742803,-25,X
5928723,-14,C
6535596,-27,C
6530880,-3,X
5478790,-64,C
6134783,-14,X
6559575,-13,0
5149270,-10,C
5259731,-9,C
5044909,-60,C
5788820,-15,C
5197485,-11,X
6498004,-12,0
5787655,-60,C
6594268,-53,0
5903160,-14,0
6268861,-34,X
6566757,-45,0
5964330,-19,C
5262781,-7,0
6283446,-25,X
6292173,-12,X
5060454,-37,5
5975637,-18,C
6097887,-88,0
5515018,-34,0
5671508,-33,C
6416399,-27,0
6331783,-14,0
5994325,-9,C
5114104,-41,X
5441172,-65,C
5335994,-33,X
6577898,-46,C
6324464,-25,0
6363642,-30,X
6772936,-39,C
6342679,0,C
5529257,-43,C
6395675,-62,0
5969336,-32,C
5867420,-6,0
6588115,-6,C
5976985,-40,C
6206089,-16,C
6010014,-8,C
6273078,-3,C
6248383,0,C
5709385,-30,0
5759988,-84,0
6684631,-73,0
6372429,-28,X
5993476,-49,C
6234586,-80,C
6842659,-5,0
6435153,-4,0
6767357,-2,X
6244228,-36,C
6073978,-32,C
6234569,-55,C
6335761,-62,C
6366289,-41,C
5054039,-71,0
6163055,-77,0
5873395,-15,0
6659003,-4,0
5474184,-40,X
5444306,0,C
6153925,-36,C
5815783,-28,0
5760363,-7,C
6654171,-28,X
6215320,-69,C
5841466,-53,0
6143922,-6,C
6550899,-4,X
6523564,-43,1
6254246,-27,C
5907375,-3,C
5946737,-14,0
6543633,-21,0
6013444,-1,0
6484154,-7,0
5770976,-68,C
5988268,-25,C
6009460,-5,C
6374540,-37,C
6508993,-15,0
5100147,-9,0
6279883,-24,X
5492212,-10,X
5464958,-6,X
6137190,-42,0
6420261,-62,0
6527218,-37,C
6302063,-2,X
6755748,-48,0
6160007,-5,X
6076646,-41,C
5987946,-9,X
6668751,-13,C
5853593,-8,X
6298182,-16,C
5866228,-6,C
6608254,-35,C
5054488,-1,0
6270239,-11,X
6296724,-25,0
5871886,-6,C
5117287,-5,C
5036620,-15,C
5709659,-16,0
6448915,-19,C
6634963,-8,C
5763563,-15,X
5807540,-1,X
6035164,-48,X
6410761,-22,C
6416114,-22,C
6780687,-29,0
6363475,-17,0
6038438,-16,X
6176135,-54,X
6014203,0,C
5759701,-24,0
6195688,-11,X
5815438,-42,X
5268708,-9,0
6836731,-26,C
5642119,-8,C
6209808,-72,X
5709214,-19,X
5992784,-59,0
6264750,-88,0
5384885,-9,C
6068628,-58,0
5981686,-6,C
5884154,-38,0
6724160,-69,X
6466742,-66,X
6810777,-35,0
6689051,-25,C
6753757,-68,X
6068969,-10,C
5429134,-17,C
5943055,-38,C
6525609,-44,0
5509394,0,X
6613739,-21,C
6530085,-30,C
6517736,-27,C
5791985,-13,C
5157029,-71,X
6594593,-91,1
6009663,-22,C
6834266,-18,C
6576864,-3,C
6771854,-18,C
5944892,-26,C
6624968,-11,0
6594284,-24,C
5939476,-5,C
6270154,-40,0
6019158,0,0
6132587,-27,0
5929053,-10,C
5762250,-44,0
6206036,-73,X
6064050,-27,X
5148484,-40,C
5125963,-80,0
6085660,-39,C
6183234,-7,C
6789146,-57,C
5509112,-22,C
6448241,-25,C
6737764,-51,0
6058493,-41,C
6776423,-9,X
6096425,-31,C
6647590,-28,C
6239391,-4,0
6492166,-22,0
6106639,-31,C
5929503,-7,X
6247460,-9,X
6109274,-19,0
6499500,-11,0
5041966,-37,C
5941157,-37,C
6464228,-27,0
5945451,-20,0
6024130,-31,X
6241778,-10,C
6658248,-50,C
6336242,-11,C
5059994,-38,C
5807173,-27,C
6374738,-3,X
6690229,-15,X
5789992,-37,X
5170669,-24,C
5237402,-32,X
5385235,-59,X
5552139,-30,0
5089212,-25,0
5770822,0,C
6009296,-4,C
6120938,-27,C
6026404,-3,X
5720479,-27,C
6140203,-57,C
6312540,-17,X
5984377,-13,0
6057089,-88,C
5902907,-50,0
6258554,-23,X
6001092,-31,X
5896914,-14,C
6370119,-27,C
6085371,-15,C
6484575,-65,0
6096682,-8,C
5954382,-90,0
6765802,-58,0
5264886,-9,X
5061295,-86,X
5116868,-11,C
6263746,-42,X
5949624,-78,X
6036961,-73,0
6574196,-13,C
6150984,-48,X
6558923,-5,C
5117735,-40,C
6217193,-15,X
5811093,-22,C
6243227,-8,C
6610706,-43,C
5355551,-32,0
5562680,-13,C
6558850,-51,0
6779922,-27,0
6443154,-17,0
5155132,-17,C
5035449,-16,0
5924900,-20,X
6840015,-83,C
5111186,-4,C
6451523,-19,X
6610390,-8,C
6639246,-6,C
6725057,-4,0
5794722,-16,C
6242007,-9,C
5154620,-81,0
6190736,-27,C
5212923,-59,X
5915621,-11,C
5832427,-28,C
5735207,-15,C
6522952,-20,X
6363962,-6,C
5947409,-40,C
5033997,-11,C
5536906,-10,C
6549908,-24,C
6810385,-59,1
5066631,-26,C
6801233,-37,C
6370167,-92,X
5228738,-22,C
6091120,-29,C
5400870,-16,0
6150366,-39,X
6176332,-35,0
6507624,-4,X
5282734,-2,C
5213520,-28,C
6610448,-49,C
5576157,-32,C
5645103,-88,C
6399783,-80,0
5009902,-76,0
5061237,-22,C
6536144,-9,0
6302983,-38,C
6763583,-26,C
5230493,-19,X
6594231,-9,C
6539924,-37,0
5875174,-7,C
6234394,-38,C
5922382,-14,X
6786505,-79,2
5961284,-60,X
6217558,-68,X
5212426,-73,0
6611694,-20,X
6563729,-85,0
6116616,-15,C
6264527,-10,C
6396830,-62,1
5336653,-22,0
6046481,-2,C
5010817,-32,0
5943915,-61,C
5724715,-11,0
6010191,-43,C
6047284,-12,C
5824239,-15,C
5843947,-4,C
6217909,-14,C
5048004,-42,X
5858296,-20,C
6249188,-3,1
6796161,-57,X
6318403,-42,X
5889272,-32,X
5868492,-8,C
6827768,-50,0
6250297,-46,C
5104854,-48,0
5915678,-72,0
5561875,-11,0
6273478,-16,C
6205544,-37,C
6064745,-18,0
6416329,-7,C
5875435,-31,C
6186110,-59,0
6277347,-10,X
5903383,-28,C
6213332,-38,C
5960012,-11,0
6575322,-19,C
6269490,-9,C
6466791,-18,C
6170093,-48,C
5852213,-22,C
6219390,-7,C
6356146,-58,C
5933499,0,X
6595474,-43,C
5946300,-11,X
6310292,-75,X
5823486,-10,X
6685995,-16,C
5706865,-93,X
6520736,-26,X
6223540,-13,0
6587704,-67,0
6614373,-52,C
6466822,-13,C
5884928,-86,0
6063263,-14,X
5145859,-15,C
5818725,-9,X
6269574,-46,C
6362583,-2,0
6374059,-21,C
6089214,-37,C
6790419,-92,C
6526480,-14,C
6591315,-72,C
5028881,-16,0
6020218,-15,C
6258701,-21,X
5819046,-7,X
6286125,-72,C
6536467,-42,0
6210917,-22,0
6202562,-39,X
5668695,-4,C
5091852,-27,0
6249639,-32,C
6032466,-36,C
6000109,-32,X
6012376,-32,X
6374722,-61,X
5243348,-25,0
5236742,-3,X
5343533,-44,C
5818761,-32,5
6365264,-24,0
6736506,-40,C
6009756,-14,X
6089043,-69,0
6573335,-5,C
6357467,-46,C
6793086,-17,C
6131178,-63,C
6242908,-14,0
6000639,-32,C
5971351,0,C
5921859,-3,0
6276645,-79,0
6038417,-2,C
6736016,-8,0
6510326,-57,C
6134766,-31,0
6742864,-20,C
5162562,-5,C
6697488,-14,0
5053082,-1,C
6573681,-55,0
5198575,-14,X
5817632,-37,X
6481383,-85,C
5474487,-74,C
6318004,-42,0
6242465,-83,X
6460123,-22,C
6468578,-19,C
6278673,-4,C
5625616,-91,X
5078368,-31,X
6636327,-66,C
6082102,-41,C
6279246,-7,X
5078506,-49,C
5465019,-22,C
6651724,-27,C
5567846,-25,X
6153962,-81,C
6206525,-15,X
6134164,-55,C
5875777,-20,X
6559084,-12,C
6653122,-23,0
6704749,-45,C
5726957,-1,C
6581946,-15,C
5798447,-33,C
5987644,-47,0
5771153,-51,0
5760447,-29,X
5949739,-32,C
6840188,-59,0
5708785,-11,0
5994835,-57,C
6779166,-43,0
5914989,-15,C
6736468,-66,C
6576650,-39,C
5996201,-28,C
5580904,-84,0
6794160,-27,0
5465197,-71,X
5499358,-50,X
6806797,0,C
6639501,-2,0
5609539,-12,C
6210774,0,C
5795831,-49,0
5710307,-49,1
6368704,-89,0
5916645,-16,X
5169508,-18,C
6285155,-27,C
5901447,-17,0
5092002,-7,C
5538987,-16,C
6089728,-3,C
6724081,-40,C
5922052,-23,0
5726341,-90,0
5815168,-9,X
5491613,-9,C
5964693,-26,X
6387289,-66,C
6583598,-46,C
6631787,-10,X
5824457,-19,0
6061878,-72,X
5874937,-6,C
6424676,-7,C
5668366,-6,C
5819854,-10,C
5169626,-41,0
6026660,-30,C
5166685,-66,C
6707851,-32,C
6548919,-54,C
6395454,-37,X
6160618,-24,C
6097590,0,C
6420313,-46,0
6727809,-84,X
6707325,-42,0
6070528,-43,X
6743769,-48,0
6483493,-63,C
6699347,-9,C
5633536,-6,C
5789820,-12,C
6203067,-2,0
5816497,-6,C
5875066,-54,0
6241908,-8,X
5845327,-17,C
6603647,-28,X
6308850,-22,0
5154575,-42,C
5046112,-29,0
5852936,-1,0
5542238,-32,C
6297266,-35,0
5090858,-44,C
5807965,-56,X
6190101,-11,C
6615005,-43,C
6254408,-7,0
6428647,-14,C
6781638,-9,C
5054599,-86,C
5731907,-34,0
5907898,-19,X
5268627,-54,0
6432692,-36,0
6806030,0,0
6669523,-18,C
6124484,-41,0
5205192,-38,C
5883312,-53,C
6564921,-62,C
5875177,-7,C
5995641,-40,C
6560428,0,C
5842607,-8,0
5832480,-52,X
6282933,-17,X
6086734,-47,C
5427876,-31,0
6253984,-25,C
5003970,-1,C
5492513,-4,X
6040112,-31,X
5162565,-8,X
6575807,-36,X
5066419,-25,0
6317233,0,0
5996567,-53,C
5918090,-11,0
6796492,-42,0
5427478,0,C
6651464,-14,C
5536559,-81,X
6085723,-23,X
6107108,-24,0
6709132,0,C
6432501,-3,C
6222945,-3,0
5873313,-12,0
5797095,-20,C
5736857,-32,C
5016304,-37,0
5959778,-4,C
5857420,-11,0
6280877,-3,C
6684552,-54,C
5562564,-25,0
5954224,-14,X
5502197,-75,C
5680170,-14,C
6690417,-33,C
6138726,-48,X
5797411,-3,C
6025790,-5,C
5137045,-43,C
6162044,-53,0
5790794,-26,C
5890076,-18,C
6801743,-16,C
5946466,-51,C
6697929,-58,C
5933468,-36,X
6033213,-38,C
5567269,-32,0
5992100,-69,C
6658019,-9,C
5946468,-42,C
6047424,-9,C
5708808,-24,C
6630142,-12,C
6079210,-53,X
5731218,-14,C
5896779,-2,C
6046101,-26,C
6151302,-7,C
6559079,-15,X
5877653,-35,0
5115792,-10,C
6317630,-53,0
5958199,-93,C
6641254,-39,0
6117713,-10,C
6086311,-35,C
5901410,-19,C
6106795,-6,0
6429452,-77,X
5898262,-61,X
6356326,-20,C
6396558,-19,X
6036860,-47,0
6685341,-53,C
5576007,-12,X
6133356,-39,0
6089354,-33,0
6400239,-50,0
6608642,-17,X
6484177,-16,0
5471366,-4,X
5479025,-72,X
5954323,-76,X
6472465,-69,C
5958342,-61,0
6046092,-3,C
6524263,-14,0
6335748,-4,X
6785911,-77,0
6195824,-30,X
6395910,-18,C
5762135,-26,C
6169142,-12,0
5170660,-40,X
5708996,-30,0
6087462,-37,C
6431599,-57,0
5066460,-35,C
6159717,-14,C
5463171,-31,0
6479582,-71,X
5967992,-37,C
6610119,-23,C
6586720,-22,C
6187135,-2,C
6071369,-18,C
6527649,-33,C
6836505,-13,C
5566956,-24,C
6569852,-80,0
5491733,-43,C
6138348,-1,X
5816033,-34,C
6096160,-13,C
6309203,-72,0
5003585,-46,X
5718767,-70,X
6130405,-46,0
5224298,-24,C
5933168,-32,C
5385028,-47,0
5943414,-50,0
5708558,-17,C
6830455,-10,C
6241895,-17,0
6104866,-9,X
5934510,-53,C
5178475,-45,X
6309268,-26,C
5115925,-14,C
5453455,-23,C
5028870,-35,C
6298304,-53,X
6263946,-41,0
5929958,-54,0
5837983,-38,0
6782480,-1,C
5522176,-22,X
5876635,-88,X
5739548,-55,X
5795776,-2,C
6242193,-12,C
5896954,-26,X
5092166,-26,C
6011811,-32,0
6645504,-2,C
6031297,-15,X
6216264,-69,C
5833563,-40,0
6478784,0,X
6605400,-17,C
5004884,-76,C
5795195,-66,C
6765002,-8,0
5933453,-20,C
6064655,-59,C
5541931,-34,C
6219292,-8,C
5727242,-19,0
5258145,-5,C
6574977,-64,C
6111545,-35,C
5100372,-30,C
5563195,-19,0
6212986,-4,C
5878993,-44,0
5568105,-9,X
5924945,-44,0
5453882,-38,X
6021880,-16,C
5854063,-68,C
5542285,-17,C
6264378,-52,C
6144499,-53,X
6133391,-78,0
5844092,-40,C
6543791,-36,0
6732694,-76,C
5915896,-7,X
6406173,-22,C
6524565,-46,0
6424458,-15,X
6691842,-14,C
6837696,-13,C
6431155,-45,C
5512862,-54,X
6543972,-26,0
6205335,-11,0
6692323,-7,C
6326150,-83,C
5679963,-35,C
6184365,-41,C
6012117,-3,0
6530257,-52,C
6051908,-1,X
6737049,-1,C
5933517,-40,C
5568059,-29,C
6387581,-60,C
5929143,-29,C
6302100,-49,X
6558538,-7,C
6527110,-61,C
6560592,-38,X
5824827,-17,X
5511757,-14,X
6567691,-20,X
5578322,-7,X
5795462,-9,0
5739116,-30,X
5959451,-7,2
6233424,-8,C
6247727,-29,C
5971763,-13,C
5618425,-12,X
6709802,-46,C
5355190,-34,C
6730431,-22,0
5692201,-26,0
6270795,-39,C
6242232,-18,X
6132789,-20,C
5764681,-64,C
6154358,-31,C
5046421,-10,C
6097205,-33,C
6343399,-28,C
6296808,-3,C
5796135,-80,C
5562445,-82,X
6540035,-5,X
6523586,-68,C
6647920,-43,X
6743584,-9,X
5924552,-15,C
6736790,-5,C
5438347,-60,0
5149043,-32,C
6073998,-26,C
6054272,-16,C
5701778,-49,C
5344984,-29,0
5938935,-62,X
6356428,-60,C
5174919,-13,0
5702368,-4,C
5925616,-3,0
6428550,-55,C
6415072,-10,X
5552485,-1,C
6735658,-10,C
5743211,-38,X
5574438,-36,C
5903884,-27,C
5899115,-69,C
5992246,-9,C
6241766,-1,C
5703055,-33,0
5832073,-6,C
5045908,-55,0
6312365,-61,0
5060522,-62,C
5243135,-43,C
6461006,-36,0
6730650,-1,X
6013384,-63,0
6247276,-38,0
6078071,-34,C
6284897,-49,X
6009121,-30,C
6013098,-28,C
6435649,-14,0
6046887,-69,C
6308365,-24,X
6574041,-8,0
5930002,-57,C
5730846,-66,0
6566149,-8,C
6587428,-38,C
6029908,-74,0
5095980,-1,X
6595298,-40,C
6160188,-19,C
5088831,-6,X
6059549,-22,C
6359989,-73,X
6012899,-10,C
6661403,-21,C
6545004,-27,0
5492137,-7,X
5100386,-63,0
6368024,-15,X
6302095,-6,0
6839926,-67,C
5005850,-23,X
6121922,-13,X
6471937,0,0
5795340,-19,C
5861328,-31,X
5933501,-62,C
6786299,-8,C
6028487,-38,X
6630341,-18,X
6205476,-27,0
6610735,-30,0
5242857,-61,C
6059701,-35,C
5359755,-46,C
6567730,-2,0
5812043,-14,C
5205718,-41,C
5878598,-20,C
5690502,-24,C
5736404,-35,X
5816360,-16,C
5626565,-17,C
5315092,-17,0
6793546,-12,C
5297083,-6,C
6047557,-66,C
5857508,-25,C
5408840,-5,0
6013089,-56,X
5760377,0,C
6217503,-8,C
6134549,-47,X
5876752,-33,C
6037227,-27,X
5982173,-20,X
6621197,0,C
5335901,-51,X
6810480,-36,X
6131012,-43,X
5085870,-10,0
5166863,-90,0
5645712,-43,C
6654019,-11,X
6527876,-36,C
6243388,-19,C
5360803,-21,X
5965007,-73,X
5224323,-3,0
6581963,-24,X
6118006,-3,C
6610208,-8,C
5960557,-13,C
6763972,-5,0
5062376,-42,X
6205171,-15,X
6056149,-30,0
6400314,-6,X
5885017,-67,C
6312409,-4,0
6733060,-47,0
5097021,-26,X
5002290,-64,X
6525834,-52,C
6404126,-28,C
5539193,-27,0
6056716,-6,0
5774608,-27,0
6550012,-26,0
5149789,-60,C
5125670,-5,C
6431115,-10,C
5890847,-3,C
6536547,-23,C
5918788,-25,C
6692641,-45,X
5702196,-4,C
6520785,-13,C
6587627,-56,X
5279752,-20,X
6590479,-25,0
6158928,-28,X
6840081,-4,C
5099779,-6,C
6404344,-76,X
5636170,-43,X
6327289,-20,0
6029940,-36,X
5984483,-42,C
5377431,-13,C
6452698,-6,0
5626033,-16,0
5053226,-18,C
6560080,-42,C
6817848,-16,C
5518246,-29,0
5897079,-23,X
6130449,-9,X
5307419,-34,C
6492226,-3,C
5360647,-65,X
5042185,-18,X
5454507,-11,C
6805000,-17,C
5845355,-10,0
5567756,-30,0
6817022,-3,C
6128181,-25,C
5844171,-20,X
5707078,-3,0
6611654,-30,X
6575888,-7,X
6153970,-72,C
6253372,0,X
6653711,-12,0
6630838,-75,1
6576034,-31,C
6397962,-20,X
6731781,-12,C
6358397,-56,0
5038622,-52,0
5416410,-27,C
5776088,-6,0
5501342,-29,X
5960282,-26,0
6428588,-82,0
6434509,-11,C
6026483,-61,0
6545000,-20,C
6707479,-23,C
6359536,-13,C
5789825,-73,C
5763887,-21,C
6776879,-1,C
5041878,-50,0
6085601,-8,C
5561793,-80,X
6100571,-6,C
5113626,-40,C
6421063,-31,X
6517739,-20,0
6100558,-8,0
5744188,-31,X
6133651,-44,0
6668681,-14,0
6558932,-28,X
6806877,-38,C
5789848,-4,X
5120123,-21,C
6577671,-12,C
6212442,-51,C
6217572,-40,C
5922690,-56,X
6056808,-44,C
6233471,-71,0
6442542,0,1
5500416,-22,0
5933117,-5,C
5712752,-65,X
5857448,-68,0
5290143,-18,C
6394812,-15,0
5205221,-49,C
5062682,-62,C
5787824,-24,0
6138256,-59,0
5536313,-67,C
6566137,-29,0
6424618,-26,0
6359886,-19,0
6523523,-77,C
5236844,-47,X
5944375,-6,X
5120276,0,0
5514741,-3,C
5918264,-35,C
6643135,-27,X
5514323,-4,0
6141054,-43,0
5790576,-15,C
6013424,-46,0
5874754,-19,X
6758512,-66,X
6359181,-3,X
6614081,-60,0
6011166,-23,C
5832805,-28,C
6046677,-6,C
6325986,-15,C
5954376,-28,0
6176451,-10,C
5876040,-1,X
6374496,-25,C
6400367,-24,C
5772121,-4,C
6468434,-5,X
6690983,-39,X
6405860,-4,C
5088941,-6,C
5971347,-82,X
6270149,-2,C
6254329,-2,X
5270781,-7,0
6095019,-32,0
6070970,-5,C
5798573,-1,0
6591858,-60,0
5937480,-69,X
5810923,-46,C
6095852,-70,C
5491785,-13,0
6152490,-22,C
6448308,-2,0
5403771,-12,C
6577625,-3,C
5889158,-18,C
5163352,-79,0
5764314,-37,C
5046185,-32,0
5735420,-38,C
6576570,-7,C
6284196,-33,X
6438376,-31,C
5478726,-40,X
6046886,-21,X
5205247,-18,0
6409221,-7,0
5709065,-9,C
6308912,-95,C
5563161,-4,C
6025412,-55,C
6026344,-32,C
6011278,-71,C
6292515,-59,C
5671138,-3,C
6630176,-21,0
6409000,-5,0
6525651,-29,C
5950390,-23,C
5832237,-14,0
5907932,-46,C
6730731,-63,0
6617660,-52,C
5875889,-12,C
6501471,-58,X
6570475,-40,X
6806566,-40,X
5066576,-59,0
6548217,-52,X
6202204,-15,C
6284993,-48,C
5985046,-29,0
6577985,-69,0
6022698,-66,C
5121498,-29,0
6608073,-39,X
6508588,-5,0
5164836,-23,0
6241998,-29,C
5091725,-13,C
6392301,-52,C
5958143,-44,C
6372242,-39,C
5263149,-73,0
5197773,-44,0
5915980,-18,X
5163128,-18,C
6066536,-54,0
5501634,-17,0
5907670,-33,C
5117013,-29,0
5628288,-57,0
6577009,-13,X
5823233,-60,X
6073763,-66,X
6011506,-29,C
6764791,-36,0
5922041,-40,C
6106793,-6,C
6685346,-41,C
5703609,-17,C
5182749,-40,0
6535936,-23,C
6273665,-64,C
6610345,-65,X
6189456,-7,C
5135806,-29,0
5992387,-18,C
6535910,-75,X
6653859,0,0
6582142,-58,C
6704452,-20,C
6536927,-96,X
6794147,-4,C
5889720,-60,C
5491213,-7,C
5853330,-12,C
5720161,-9,C
6387441,-1,X
5950441,-4,0
5819830,-20,0
6326170,-10,0
5668455,-16,C
5921365,-16,X
5580411,-6,C
6431310,-19,X
6483873,-95,C
6651801,-4,0
5377148,-16,C
6230103,-4,X
5816251,-35,X
6827319,-4,C
6038219,-32,X
5890268,-9,C
6654147,-23,C
6404038,-23,X
5223722,-2,C
6122020,-55,C
6529257,-2,C
6539689,-58,C
5061244,-20,C
5566778,-7,X
6006828,-2,C
6817124,-25,C
6318072,-13,C
5367724,-48,0
6115419,-1,0
5812777,-31,C
6828694,-6,X
5789456,-36,0
6196514,-13,C
6297623,-68,0
6190455,-22,C
6447863,-80,X
6099950,-2,X
5567531,-17,X
5478920,-48,X
5223331,-90,0
6766096,-17,0
6210156,-40,1
6593929,-40,C
6117432,-8,0
5905901,-78,0
6513644,-9,X
6566882,-28,C
5797214,-37,0
6326417,-14,C
6796777,-12,0
6202106,-23,X
5208138,-84,X
6719839,-55,C
6431676,-20,X
6231312,-55,C
6032275,-3,C
6468360,-43,C
6272218,-5,X
6479261,-2,C
6647444,-16,0
5453837,-15,X
6051472,-2,C
6332571,-9,C
5975640,-83,C
6547309,-72,C
6732440,-5,C
6056539,-2,C
6621293,-23,C
6217065,-30,C
6130126,-25,C
6779228,-39,C
5764408,-18,C
5998590,-26,C
6012547,-41,X
5771776,-25,C
5863221,-23,C
5361064,-50,1
5471382,-7,0
6233639,-33,0
5945425,-13,C
6358845,-24,C
5820238,-59,C
5054610,-15,0
5253171,-80,0
6783353,-10,C
6372542,-11,C
6047695,-17,C
6645764,-11,0
6668637,-5,C
6161090,-65,X
6332972,-85,C
6428414,-15,C
6205236,-35,C
5062092,-4,C
5513318,-33,C
5053642,-20,C
6415127,-5,0
6560331,-23,0
5069204,-44,C
6037633,-81,C
5086014,-24,X
6451423,-17,X
6395933,-22,C
5270223,-26,C
6805691,-35,0
6559218,-16,C
6280132,-32,0
6765172,-2,C
5117695,-35,X
5844619,-13,X
6767399,-42,X
6299463,-9,C
6175829,-30,C
6807122,-17,0
6765308,-65,C
6452089,-6,C
5935951,0,C
6326742,-13,C
5205301,-52,C
6242661,-91,0
6765987,-23,0
6151341,-28,0
6772470,-83,0
5185441,-37,C
5012159,-23,0
5807299,-16,C
6169405,-48,C
6778358,-43,C
5918944,-37,C
5625160,-49,1
6740713,-29,X
6528662,-1,C
6643724,-23,C
6837794,-44,C
6613996,-47,C
6780807,-55,C
6586463,-11,C
6820901,-12,C
5936922,-36,0
5844459,-70,X
6351748,-68,C
6298195,-21,0
6740783,-73,C
5632932,-8,X
5922915,-42,C
6054518,-82,0
6010461,-9,C
5928993,-28,C
5759612,-15,C
5066713,-24,C
6254904,-41,C
6810787,-80,0
5741622,-16,0
6232630,-45,C
6737924,-27,C
5568114,-54,C
5190228,-35,X
6397562,-88,X
5964383,-72,C
5118536,-16,X
5500854,-12,C
6063209,-59,C
5016499,-42,0
6593520,-62,C
6731994,-26,X
6161088,-6,C
5120999,-72,0
6196041,-15,C
6234946,-11,0
5832503,-23,X
5060348,-8,X
6654127,-8,C
6529818,-55,C
5444205,-25,X
6566105,-59,0
5868588,-3,0
5603333,-47,0
6109082,-4,C
6415869,-23,X
6614260,-27,C
5336143,-4,3
6624611,-46,C
5839061,-22,0
5501651,-80,C
5727959,-16,0
5996595,-5,C
5011352,-10,0
6480495,-4,C
5369572,-2,C
5897126,-63,X
6024900,-4,X
6141043,-17,0
5492673,-61,C
5820391,-3,C
5408302,-49,C
6645649,-9,0
5514356,-19,C
5401493,-71,X
6332489,-27,0
5901660,-16,C
6691176,-26,0
6302773,-24,C
5469500,-8,X
5062624,-78,X
6686199,-57,C
6614713,-64,C
6464838,-20,C
5541982,-4,C
6630159,-48,C
5950050,-19,C
5985193,-24,C
5136019,-7,0
6547377,-16,X
6088957,-16,0
6566705,-24,C
6242802,-19,C
5975974,-20,0
5515021,-6,X
6040513,-37,C
6684243,-41,C
5873291,-72,0
6223743,-7,C
6435690,-1,0
5197290,-9,C
6836183,-46,C
5805582,-31,X
6137066,-77,C
6287535,-46,0
5317462,-91,X
6735332,-35,C
5954226,-8,C
6089712,-2,X
6549664,-45,1
6652047,-12,0
5115486,-33,C
5567573,-34,X
5987260,-37,0
6152006,-45,C
6092159,-75,0
5953215,-1,C
5065506,-13,C
6362576,-2,0
6800545,-82,0
6730359,-22,X
6281266,-13,0
6117953,-30,0
6452479,-19,C
6104893,-10,C
5439544,-3,C
5670866,-75,X
5242553,-50,X
6028823,-50,0
5359619,-67,C
5118271,-7,0
6036253,-8,0
5135385,-7,C
6726909,-8,X
5474765,-11,C
5360321,-19,C
5574432,-16,C
6716622,-7,0
6481087,-21,C
5536370,-30,C
6588374,-32,C
6327007,-22,X
6399723,-87,C
5984464,-55,X
6386857,-15,X
6580384,-59,0
6108279,-41,X
5668638,-38,C
5877831,-18,C
5178754,-51,C
5066515,-60,0
5743885,-31,X
6828176,-39,X
5988760,-45,X
5499420,-23,C
5932177,-59,C
6457018,-79,0
5759767,-37,C
5562426,-18,C
6469312,-6,X
5060202,-21,C
5946291,0,C
6325566,-40,C
5949706,-12,0
5005638,-28,0
6144463,-25,C
5999988,-4,C
6184437,-6,C
5416143,-75,C
6610209,-67,X
6088140,-38,C
6664849,-84,X
6134739,-23,X
6727295,-8,C
6690490,-36,C
5469027,-39,C
6333040,-27,X
6374930,-5,C
6151502,-4,C
6614437,-8,C
5120877,-33,C
6050705,-48,0
5205529,-7,C
6095852,-60,C
6138586,-63,X
6610665,-10,C
6577075,-10,C
5562257,-4,C
5120181,-69,X
5559063,-79,0
6532022,-22,0
5718456,-58,0
5667831,-58,C
6653381,-5,0
5788181,-38,0
6270328,-20,X
6232370,-24,C
5166677,-14,X
5036924,-18,0
5010555,-8,C
6758428,-58,0
6302961,-46,C
5890181,-3,1
6781125,-8,0
6033222,-12,X
5897289,-49,X
6230185,-25,C
6603933,-8,X
5451802,-38,0
5004463,-7,0
6707163,-10,X
6723093,-12,0
6571735,-1,C
5744269,-57,0
5823586,-27,C
6399331,-14,0
5897714,-86,X
5889202,-30,C
5968342,0,C
6147655,-10,C
6376321,-87,C
5993567,-14,C
6733606,-65,X
6842587,-2,C
6634502,-12,C
6158728,-24,C
5788155,-47,0
6147831,-12,X
6665509,-5,C
6507592,-1,0
6176384,-4,0
6254563,-24,C
6364714,-19,C
6605223,-36,0
5933151,-65,0
6217668,-27,0
6699466,-65,X
5417479,-21,0
5651460,-16,C
5535913,-31,C
6058287,-38,C
6828010,-77,5
5335795,-7,C
6029517,-51,C
5822725,0,1
6293521,-51,C
5808017,-39,C
5884378,-44,X
5466908,-7,C
5838794,-64,C
6587849,-68,C
6108640,-90,0
5154629,-17,0
5229936,-14,C
6363140,-4,C
6635867,-9,C
5045091,-6,0
6203225,-70,C
5625195,-77,0
6352029,-12,0
6539371,-25,X
6212925,-20,X
6733201,-11,C
6246030,-83,X
5636628,-23,C
5441056,-33,X
5258200,-5,C
6530421,-5,C
5787764,-17,0
6735072,-78,2
6147225,-26,0
5749173,-26,C
5882865,-74,C
6654260,-24,C
6479229,-35,C
5616017,-7,C
6642802,-3,C
5389024,-9,X
6604684,-75,0
5574899,-8,0
5297980,-96,0
6298263,-83,C
5896921,-59,0
6685170,-21,C
6725012,-15,C
5352788,-10,0
6057177,-29,0
6387954,-27,X
6016848,-67,C
5720386,-36,C
6410030,-2,C
6079434,-70,0
6543439,-33,C
6451252,-19,C
6019733,-49,X
6358808,-53,0
5438842,-20,0
6566883,-77,1
6239935,-42,C
5568121,-2,C
6433343,-70,C
5981419,-20,0
6469125,-47,0
5922120,-13,C
6615208,-75,X
6531401,-38,0
5016639,-8,C
5960919,-16,C
5237432,-92,C
5925255,-50,0
6021200,-18,C
5952365,-75,0
6231746,-15,C
6093568,-8,X
6007048,-68,C
6264132,-5,C
6025963,-48,C
6404364,-21,0
5929774,-41,C
5092018,-12,X
5114129,-12,C
6139174,-12,C
5924451,-79,C
6727676,-19,5
5863849,-75,X
5968289,-4,0
6027993,-11,C
5875894,-14,C
5060992,-20,0
6484184,-84,C
5632382,-61,C
6755757,-6,X
5511984,-8,C
6801418,-17,0
5554698,-78,0
5415245,-15,C
6575278,-87,0
6518754,-44,C
5193883,-2,0
6173180,-29,X
5790102,-23,X
5189991,-55,C
5336884,-45,0
5099889,-32,X
5290517,-69,0
6106534,-16,C
5719132,-14,X
5957080,-41,C
5089300,0,X
6219421,-39,X
6298979,-12,C
5905926,-16,C
6055889,0,C
5095421,-44,C
5824026,-37,C
6211367,-10,C
5882996,-26,X
5213322,-39,0
6299000,-13,X
6189763,-66,C
6299084,-6,0
6026376,-74,C
6262612,-84,X
6660906,-4,X
5136887,-13,X
5563428,-6,C
6588071,-68,C
5178470,-55,X
5105345,-32,C
6643893,-83,X
5979515,-4,X
6409760,-4,0
5113662,-1,X
5936839,-16,C
6457966,-4,C
5178458,-18,C
6023232,-70,0
5942953,-14,C
6001362,-26,X
6208065,-63,C
6053254,-11,X
5514134,-9,C
6438692,-56,0
6099144,-34,C
5898215,-8,C
5336484,-22,0
5004053,-41,X
5023876,-15,0
5501989,-23,0
5408724,-15,C
6294103,-35,C
6270045,-13,C
6209149,-22,X
5837025,-62,0
6576322,-18,X
6610858,-8,0
5016468,-95,X
5878126,-28,C
6116682,-12,C
6730752,-49,0
6327284,-51,C
5789928,-70,0
5478649,-23,C
6247377,-68,X
5915411,-39,C
5975710,-14,0
6765065,-4,X
5797158,-27,C
6399067,-18,C
6038115,-80,0
6804819,-17,C
6388126,-10,0
6634364,-29,C
5999813,-45,X
6776413,-5,C
5097150,-40,C
6202468,-5,X
5742578,-55,C
6390816,-43,C
5853033,-66,0
6054328,-6,C
6593522,-67,C
5359943,-82,0
6115355,-67,0
5983684,-72,X
5045369,-16,0
6013521,-6,0
6153130,-55,0
6688427,-1,C
6395585,-80,0
5708392,-9,C
5818691,-18,C
6077264,-35,0
5535743,-51,C
5196395,-15,C
6141010,-2,C
6116313,-12,C
5678581,-24,C
6185111,-16,C
5546658,-3,C
5952184,-62,X
5996711,-6,0
5625136,-43,0
6231107,-11,X
5759852,-48,C
5948750,-42,X
6162534,-24,C
5903775,-10,C
6095356,-6,0
6804886,-62,C
6406043,-48,C
5884359,-34,C
5344322,-10,C
6137756,-46,C
6303255,-2,X
5844177,-25,0
5642115,-22,C
5121076,-42,C
6809902,-3,C
5003715,-21,C
6019205,-39,0
5897561,-7,0
6653670,-6,0
5742306,-8,C
5361096,-15,0
5086066,-16,0
6803817,-1,C
6374115,-3,C
5679072,-73,X
6436463,-2,0
6374627,-15,C
5011065,-78,0
5554841,-18,X
6785773,-34,C
6241667,0,X
6036809,-11,0
5709861,-9,X
6153391,-15,C
6454057,-38,C
6109045,-10,0
5541549,-6,X
6548308,-6,X
5984372,-44,C
6360871,-1,X
5464692,-21,0
5875862,-17,C
5548098,-40,C
6140185,-44,C
6828785,-18,X
5405222,-22,0
6465000,-78,0
5832562,-52,C
5307420,-26,0
5580334,-16,X
6077966,-3,C
6279321,-19,0
6001459,-47,C
6508973,-10,C
5964012,-22,0
6030902,-39,0
5466997,-20,0
6376518,-45,X
6817656,-25,0
5062357,-45,X
6117205,-3,X
6360821,-33,X
6782661,-21,0
6190440,-11,X
5512895,-40,0
5515193,-6,C
6016345,-19,0
5198019,-20,C
6346277,-74,X
5775074,-10,C
5193922,-8,X
6343135,-10,0
6293673,-6,0
6420818,-1,C
6611410,-19,C
5891815,-6,0
5005458,-11,X
5196776,-22,0
5975423,-68,C
6451908,-18,X
6523132,-41,0
5929053,-17,C
5834498,0,0
5817326,-9,C
5609378,-53,C
5142914,-7,X
5759294,-38,0
6398441,-24,X
5584954,-27,C
6212720,-68,0
6277487,-34,C
6287301,-20,C
6386894,-15,0
6765410,-45,C
6009118,-16,0
5720386,-12,C
5628955,-34,X
6140335,-44,0
6019923,-17,0
6100609,-58,C
5440790,-8,C
6005675,-48,C
6030047,-40,0
6766354,-61,C
6483723,-93,X
6205688,-28,X
6140892,-24,C
6388096,-18,C
5148918,-22,0
5609384,-44,1
5626283,-13,C
6671877,-7,C
5270374,-15,0
5885035,-1,C
6135050,-64,0
5154443,-45,X
5159210,-3,C
6782135,-14,C
5178012,-38,0
5964093,-5,C
6162161,-82,0
6039832,-37,0
5116001,-13,0
6339310,0,0
5743155,-66,0
6079117,-4,C
6669890,-14,0
6659567,-29,C
5017231,-91,C
5963862,-28,C
6287953,-21,0
6373788,-18,X
5876960,-27,0
5137430,-22,C
6057765,-15,0
6430179,-27,0
6498922,-11,X
6688178,-11,0
5952222,-8,C
6135147,0,C
5509723,-57,C
5045888,-34,C
6587016,-56,C
6293858,-32,C
6176052,-27,C
5896579,-87,X
6743906,-25,C
6647636,-31,C
6575536,-6,X
5005254,-48,0
6205719,0,X
6415854,-38,C
6661412,-26,C
5919039,-14,C
6008982,-73,X
6016297,-3,C
6425321,-57,C
6726629,-1,X
6603997,-27,C
6022024,-19,C
5824728,-24,X
5726869,-33,C
6708355,-32,0
5345080,-11,C
6343373,-4,C
5727599,-18,C
5853602,-44,0
5509639,-34,0
5125746,-3,C
5372185,-24,0
6595120,-33,C
5501195,-71,0
6077090,-40,C
6816743,-17,X
5617389,-15,C
5377189,-11,X
6357133,-32,C
5834537,-16,0
5811726,-22,0
6574795,-1,C
6684558,-14,0
5120938,-4,X
6781106,-7,C
6618937,-15,0
6747085,-11,C
5511666,-74,0
5789346,-43,C
5197294,-49,X
5929622,-33,C
6209583,-36,X
5005461,-10,X
6574164,-6,C
5022658,-20,C
6452044,-46,X
6810679,-74,C
6211280,-21,C
5964196,-46,C
5563415,-55,X
6392389,-39,C
5137357,-20,X
5958939,-30,0
5154771,-36,C
6229512,-63,C
5342787,-36,C
6674246,-35,C
6399874,-23,C
5884001,-61,X
6800558,-3,C
6235010,-10,0
6023931,-13,1
6575240,0,0
6302536,-95,0
6410339,-81,C
5958881,-15,0
5785213,-11,X
5945499,-60,0
6362350,-20,0
6093796,-13,C
6618358,-9,C
6653964,-3,C
6093525,-96,X
6016279,-4,X
6547239,-11,X
6610786,-21,C
5091426,-69,C
5884208,-27,0
6581970,-4,0
6689682,-17,C
5576630,-31,0
6135170,-12,0
5120446,-5,C
5522469,-94,X
6539507,-65,C
5066507,-47,X
5536323,-26,X
5825495,-3,0
5921290,-3,C
5901869,-7,0
5995207,-7,C
6035918,-24,X
5224678,-23,0
5444323,-15,X
6431096,-79,0
5771987,-28,0
5440033,-57,3
6708318,-3,0
5965175,-3,C
6595156,0,C
5764392,-9,C
6111411,-78,C
6432349,-20,C
5566927,-12,C
5626639,-46,C
5317635,-16,0
6206812,-25,C
6412384,-2,C
6544799,-5,C
5730100,-52,X
5627580,-48,C
5743097,-18,0
6778648,-18,X
6139071,-37,0
5896913,-31,C
6286395,-86,C
5812812,-14,0
5797256,-15,C
5066629,-77,C
5947088,-25,C
6172610,-25,C
6214771,-9,0
5730150,-34,C
5727460,-29,C
6388230,-28,2
6279926,-52,C
5105886,-22,C
6175214,-89,0
5985123,-30,C
6014938,-17,0
6255479,-7,C
6614452,-45,X
5295682,-25,C
5671511,-42,C
5788353,-7,X
5353347,-58,C
5028558,-22,0
5878686,-18,C
6269402,-22,C
6023149,-66,C
6202854,-32,0
6466837,-19,X
6794154,-22,0
6223257,-26,C
5823259,-5,C
5772301,-89,X
6450878,-36,0
6399958,-15,X
5982361,-7,0
6011009,-24,0
5016450,-3,0
5765327,-32,C
6024091,-30,0
5797985,-13,X
6431972,-41,C
5976925,-51,C
6685191,-32,X
6834849,-13,C
5562653,-17,C
5677393,-1,0
5424924,-29,X
5858910,-48,X
6524525,-24,C
5994433,-84,X
6690642,-23,0
5947383,-10,C
6273209,-38,C
6059653,-2,C
6018935,-11,C
5231811,-58,0
5981579,-25,C
6733241,-15,C
6036179,-25,C
5537475,0,0
6726836,-15,C
6287475,-48,C
5771479,-87,0
6363838,-76,0
6243371,-25,0
6387758,-40,C
5262567,-61,X
5061135,0,X
6241820,-39,C
6433268,-38,X
6603697,-3,C
6116435,-42,C
6336262,-15,C
5760314,-5,C
6609666,-12,C
6273064,-31,C
5983586,-14,C
6284073,-45,X
5360892,-19,C
5867214,-40,0
6096237,-59,0
5617936,-29,C
5678508,-6,0
6057619,-31,X
5336369,-36,C
5409092,-5,X
6776364,-3,X
6526886,-17,C
6465018,-43,C
5642217,-54,X
5713762,-72,C
6674373,-49,C
5914564,-30,0
6498194,-35,C
5996782,-15,C
6457137,-17,C
6518541,-29,C
6510498,-32,C
6614066,-5,C
5120833,-34,C
6075026,-19,C
6123078,-19,C
6093410,-61,0
6040458,-49,X
5837208,-7,C
6093564,-2,C
5265625,-18,C
6033048,-33,X
6053327,-40,C
5477732,-2,0
6177081,-9,C
5492789,-13,C
6623064,-33,0
6579752,-82,0
6090567,-7,X
5344253,-4,0
6326919,-37,0
6123934,-15,0
6498426,-42,0
5513844,-6,0
6032998,0,C
6800403,-78,0
6126299,-26,C
6230348,-31,X
5737155,-44,0
6134658,-27,C
5464894,-66,0
5765160,-4,C
5466759,-2,0
6124415,-16,C
6066540,-53,C
6420684,-7,C
6435259,-29,X
6726514,-80,C
6020368,-30,0
6523028,-30,C
6299840,-3,C
6570999,-62,C
6531184,-1,X
5415873,-9,C
6442418,-89,X
5016707,-31,C
5968326,0,X
6090198,-80,C
5903866,-56,0
5132251,-83,0
6816689,-28,C
6009609,-13,C
6224295,-18,0
5466935,-39,C
5843311,-49,C
5789012,-91,0
6023515,-74,1
6688322,-68,C
5125365,-55,C
6066048,-10,C
6012593,-18,0
5901703,-28,C
6692035,-37,C
6134016,-55,X
5054703,-19,0
5822602,-17,X
6664610,-7,0
5372022,-13,0
5820026,-13,0
6216681,-49,0
6374934,-10,C
6480417,-12,C
5983806,-43,0
5060214,-95,X
5408539,-14,0
5004037,-38,C
5067128,-34,C
6223150,-26,X
6011810,-24,0
5993358,-15,C
5944723,-59,C
5125983,-20,0
6526191,-73,X
5953849,-14,0
6173454,-34,C
5154064,-27,C
6643981,-36,X
5036748,-47,C
5198170,-14,C
6168673,-91,X
6176788,-30,C
6408990,-32,C
5981260,-65,C
6643479,-65,C
6748065,-15,C
6085176,-62,X
5825203,-62,C
5314570,-3,C
6241329,-17,C
6070337,-6,C
6753693,-38,C
6020295,-57,X
6730848,-18,X
6642958,-40,C
5574476,-61,X
6759811,-10,0
6759205,-50,0
5690633,-11,C
5710952,-46,0
5680371,-3,0
5185978,-14,C
6796345,-59,0
6615245,-9,C
5360117,-5,X
5832950,-12,C
6398695,-75,C
6432695,-3,C
5454341,-1,C
6759400,-6,X
6457736,-7,X
6262966,-40,C
6730530,-3,0
6797277,-3,C
5345463,-86,X
5872395,-23,C
6253879,-90,0
6520193,-66,C
5771938,-3,0
5898012,-15,C
6009195,-73,0
6213115,-38,X
5400646,-45,X
6231251,-77,0
6277022,-18,C
5016765,-77,C
5738053,-88,X
6538982,-1,X
5120755,-1,C
6039937,-49,0
6391968,-49,C
6029527,-43,X
6591688,-35,C
6302265,-30,C
5700113,-51,X
5062014,-17,C
6321840,-32,C
6586875,-45,X
5726339,-20,C
6105872,-46,X
6096988,-24,C
5229188,-55,C
6837522,-22,0
5566943,-15,0
6624677,-23,0
6510511,-7,C
6528738,-14,C
5884054,-15,X
6816596,-28,0
6155363,-81,0
5874595,-22,X
5441130,-3,X
6617796,-63,C
5114401,-51,X
5987328,-6,C
5968322,-7,0
6010041,-12,0
5982254,-1,C
5796477,-29,C
6759446,-15,X
5940623,-11,C
5562203,-27,C
5018494,-34,0
6263023,-3,0
6430300,-14,X
6388891,-43,0
6168907,-12,C
6835219,-36,C
5117288,-8,C
5771657,0,X
6130283,-21,C
6015107,-9,0
6169173,-45,0
5384574,-36,C
6116814,-12,0
5761085,-8,C
6304662,-54,C
5024026,-58,5
6030679,-14,C
6423695,-70,C
5921910,-63,X
5567819,-32,C
6605529,-6,C
5858750,-58,C
5774683,-14,C
5940191,-31,C
6692709,-2,C
5890732,-3,C
5730727,-46,C
5514982,-55,C
5651468,-62,C
6588342,-54,X
6727462,-18,X
6096720,-74,X
5925958,-26,C
6518277,-13,C
5159768,-12,X
6011258,-29,C
5953268,-42,C
6054262,-78,5
6730886,-16,X
6060404,-38,0
6765378,-38,X
5625146,-18,X
6013273,-57,0
5322466,-21,C
6536915,-41,X
5957940,-21,X
6012897,-31,0
6804885,-22,C
6233238,-4,C
5512947,-10,C
5005329,-54,0
6579541,-11,C
5401655,-32,C
6766276,-8,C
6247946,-58,0
5350229,-30,0
6523918,0,C
5945185,-26,C
6161464,-24,C
6510545,-1,C
6094179,-18,C
5923640,-5,C
6497844,-6,1
5925316,-15,C
5907695,-31,0
6302585,-10,C
6692986,-14,0
5817436,-95,X
6637265,-4,0
5344878,0,C
6058269,-40,X
5645705,0,C
6183550,-50,0
6766897,-1,C
5258683,-16,C
6570421,-47,C
6089511,-6,0
6187219,-2,0
6066491,-6,C
6093802,-30,0
5954000,-35,C
6415881,-61,C
6298572,-11,C
5764221,-52,C
6571710,-51,X
6070890,-2,1
6531483,-27,0
6011707,-31,0
6333397,-24,X
5924600,-18,X
6428685,-43,C
5474763,-29,X
6664896,-50,C
6625089,-51,0
5707453,-25,C
5454592,-61,C
6351641,-26,0
5790705,-4,C
6375490,-71,0
6348127,-3,C
6299844,-69,C
6287561,-17,X
6148060,-23,0
5934484,-13,C
6458289,-14,X
5924438,-49,X
6332128,-1,0
6208997,-87,C
5529207,-1,X
5731082,-46,C
6615375,-18,X
5585174,-17,C
5004482,-32,C
5536995,-10,C
6250228,-62,C
5852972,-4,C
5957999,-5,X
6601744,-21,C
5972008,-37,C
6685136,-2,0
5264561,-59,C
6351645,-3,0
5120044,-25,X
5775984,-12,0
5035996,-19,C
5263014,-20,C
6120765,-8,C
5719010,-13,C
6217414,-8,C
6807269,-41,0
5118302,-2,C
6218824,-55,0
6162795,-15,C
5742634,-6,0
5626451,-71,C
5933682,-61,C
5403399,-4,0
5731116,-19,C
6771767,-5,C
6020472,-31,C
5061417,-2,0
5491796,-42,C
6287915,-37,X
5541721,-80,0
6321791,-40,X
6333760,-90,X
5278736,-16,C
5067184,-32,0
6537003,-35,0
6028595,-17,C
6094581,-12,X
5537052,-7,C
5526329,-55,C
6052932,-32,C
6291937,-72,0
5603196,-27,X
6574802,-60,X
5680639,-57,0
5965462,-23,0
6704638,-29,C
6550456,-21,0
5815501,-56,C
5995391,-39,0
6056566,-34,C
5036802,-69,C
5834515,-21,0
6448985,-86,X
5882789,-75,0
6810516,-47,X
6030009,-30,X
6800735,-72,C
6333618,-2,C
6139362,-10,C
5237338,-29,C
5509259,-16,X
5435952,-94,0
6253833,0,0
5468920,-4,0
5139668,-42,C
6262510,-35,C
5744002,-95,4
6776659,-11,X
6368022,-6,C
5904051,-35,0
6244302,-33,0
6637655,-1,C
5825365,-68,C
5090875,-6,C
5499597,-90,0
5236024,-37,C
5196497,-72,C
6690589,-37,C
5436142,-6,0
6111118,-24,C
5125451,-52,X
6590541,-17,C
6107524,-45,C
5812466,0,X
6575609,-67,0
6526962,-82,0
6089817,-51,0
6428636,-8,0
5679835,-33,X
6432017,-50,X
5574578,-6,C
6689543,-43,C
5960741,-12,C
5116417,-19,0
6686504,-53,0
6691989,-3,X
6100711,-22,C
5053552,-43,C
5174935,-11,C
5928574,-40,C
6498135,-40,C
6437807,-14,X
6707040,-45,X
6060603,-32,X
6631172,-3,C
6464507,-56,X
5467003,-41,0
5633298,-29,C
5003339,-39,0
6646703,-7,0
6333942,-6,C
5500479,-46,0
6129961,-15,C
5535795,-89,1
6568028,-49,X
6298840,-11,C
5720432,-73,C
5626389,-26,C
6807317,-83,0
6325223,-86,0
5565678,-17,0
5178825,-14,C
5936890,-14,C
5708948,-58,0
6693425,-3,0
5060946,-76,1
5706925,-73,X
6576764,-42,X
5922032,-52,C
6390841,-5,0
5981841,-11,C
6809792,-22,0
6719800,-34,C
5224193,-32,0
5795884,-29,C
6367895,-32,C
6772005,-27,X
6255059,-55,0
6359222,-1,C
5361783,-72,C
5002693,-33,C
6284692,-12,X
6548907,-85,C
5994839,0,X
6310294,-72,C
5258160,-12,0
6625444,-86,C
5797272,-9,C
6390599,-15,C
6416334,-11,X
5469269,-14,X
5045447,-90,X
5078546,-23,C
5197855,-22,C
6172739,-32,X
5009270,-13,0
5016260,-22,0
6366339,-82,0
6612215,-15,0
6028049,-25,X
6089176,-11,C
5868097,-33,X
6607800,-83,C
6208514,-19,C
6048389,-21,0
6531580,-28,C
6127659,-38,C
6658636,-32,X
6088032,-39,0
5337064,-4,0
6190891,0,C
6586624,-6,0
5563307,-48,0
5360857,-38,X
5945120,-31,C
5535710,-58,X
6726431,-46,X
5154421,-14,C
6168891,-2,C
6647553,-47,X
6216109,-13,X
6216285,-14,0
5763751,-25,C
5270466,-38,C
5036666,-85,C
5056205,-46,X
5552684,-61,C
5938992,-44,C
5536421,-56,C
6066467,-16,X
6086122,-45,C
5427575,-78,X
5815450,-43,C
5033578,-25,C
6360021,-15,C
5956265,-33,0
5581147,-86,X
6442811,-45,C
6206349,-11,X
6792459,-28,0
5771801,-7,C
5066598,-35,0
6057819,-18,C
6051708,-27,0
5513759,-26,C
6452526,-3,0
6020815,-37,0
5148841,-1,0
6078244,-78,5
5999860,-15,C
5633326,-31,X
6086176,-14,C
6218793,-39,X
6218242,-84,0
6834126,-66,C
6783517,-8,C
6216527,-51,C
5096085,-43,0
6518592,-10,X
6026384,-18,0
5213365,-10,0
5121477,-54,C
5832571,-46,X
5906671,-75,X
6416363,-11,X
5718532,-67,C
6432007,0,C
6659499,-10,C
6221047,-22,X
6325967,-32,X
5922285,0,C
6161412,-2,X
5888252,-84,C
6099387,-10,C
6195708,-17,0
6214779,-21,C
6735358,-20,C
6548074,-86,0
5984412,-42,C
5785394,-11,0
6753524,-8,C
6430844,-39,0
6068617,-21,0
6735016,-22,C
6331849,-17,C
6099372,-3,C
6800461,-12,0
6208441,-70,0
5011491,-10,C
5417364,-58,0
5864529,-3,0
6373893,-56,X
6727087,-54,X
6109620,-73,X
6308260,-4,C
5001992,-55,C
5053271,-52,C
5971201,-49,0
6250877,-25,X
5384755,-29,C
6724165,-17,C
6343717,-73,C
5566666,-22,0
5265647,-27,C
6728538,-6,0
5289879,-14,0
6466061,-24,0
6665000,-94,X
5268689,-14,C
6046797,-49,C
5121927,-18,X
6092774,-10,0
5563717,-28,C
5061104,-28,C
6134737,-2,0
5443950,-4,C
5384224,-21,0
6527019,-61,X
6732169,-6,C
6573648,-32,0
6702299,-55,1
5352690,-36,C
5825319,-22,C
5706927,-15,0
6690796,-2,C
5365535,-33,C
5120852,-70,X
6360714,-24,C
6746948,-65,0
5012095,-68,X
6253407,-2,C
5354325,-72,X
5890477,-45,C
6563104,-12,0
6190322,0,C
5843571,-23,X
6594811,-48,C
5352692,-4,0
6610145,-11,C
6243975,-23,C
5022854,-36,C
6411982,-16,C
6651657,-17,X
5514081,-20,0
5844092,-46,0
5121940,-74,C
5537499,-5,C
5708632,-2,1
6095142,-9,C
5568097,-24,0
6139609,-39,X
5451772,0,C
6395979,-51,X
6668886,-38,C
6279715,-14,0
6466649,-80,0
5001797,-13,C
6711221,-5,C
5844857,-26,C
5891398,0,0
6560332,-27,C
6498281,-5,X
6374222,-83,0
6128033,-1,0
5297423,-31,C
6066341,-77,0
6652295,-8,0
5079096,-40,C
5971086,-11,C
6535607,-65,C
5984565,-46,C
5306996,-41,X
6591633,-34,C
6654200,-34,0
5365055,-16,C
5384596,-73,X
5836862,-51,C
6763591,-13,C
6568083,-1,0
5208183,-77,X
6817263,-30,C
6746759,-16,0
5377213,-31,C
6076857,-11,X
5954307,-22,0
6593468,-84,X
5703702,-7,0
5945786,-45,X
6243791,-35,C
5776114,-50,0
5581641,-74,X
5915889,-37,X
5932430,-16,C
6311936,-46,0
6284895,0,X
5857233,-14,C
6356462,-29,C
6465956,-9,X
6074812,-8,C
6005721,-30,C
5047908,-14,C
5995718,-70,C
5872058,-66,C
6376511,-40,C
6147175,-70,0
6652235,-3,0
6291402,-53,C
6124970,-1,0
6524868,-10,C
5492525,-67,0
6133696,-39,C
6531113,-2,C
6736186,-1,C
5282698,-21,0
6447782,-10,0
5177593,0,X
6176391,-69,0
6021658,-2,C
5918708,-60,C
5626878,0,X
5011455,-30,C
5959205,-47,C
6472556,-43,C
6215694,-9,X
5820365,-70,C
5003656,-3,C
6765506,-8,C
6068718,-35,0
5823062,-38,0
6321784,-74,C
5724924,-13,C
6839993,-70,C
5264816,-8,C
5501529,-54,C
6390813,-79,C
5354123,-6,0
5584714,-68,C
6125161,-77,C
6842732,0,X
6604257,-32,X
5875401,-27,X
6056231,-45,C
6716768,-26,C
5352879,-39,0
5690095,-61,X
5858415,-3,C
5719926,-8,0
6208249,-67,0
6569140,-5,C
5834402,-13,C
6398269,-56,C
6547517,-68,X
5243087,-25,C
5918087,-89,C
6186653,-3,0
6092208,-83,0
6364934,-40,C
6793089,-23,C
5352771,-12,C
6087213,-30,C
6542276,-39,C
6759017,-1,C
6107090,-12,0
6233850,-3,0
6009829,0,X
5438286,-79,X
5097052,-45,X
6332851,-12,0
6804043,-9,C
6090919,-78,X
6780193,-73,X
6133855,-31,C
6483895,-28,0
5933600,-7,C
5956332,-13,0
5343363,-71,0
6737698,-49,0
5509931,-51,0
6709168,-1,C
5615515,-74,X
6239662,-9,C
6064011,-76,0
5884503,-2,0
5090847,-6,C
6431077,-10,X
6030581,-55,X
6268638,-15,C
6827818,-75,X
6159627,-89,C
6474450,-1,C
5633838,-1,C
6523939,-1,C
5816935,-62,X
5078637,-53,C
5824144,-1,X
6571411,-2,0
5095264,-12,C
6038195,-33,C
6785818,-5,0
6209348,-31,C
5814881,-14,C
5950941,-12,C
5992331,-19,C
6022930,0,0
5937423,-5,X
5885317,-1,X
5633120,-1,C
5937162,-32,X
6247879,-38,0
6535817,-16,X
5614889,-57,0
5142203,-52,C
5992515,-16,0
6035637,-7,C
6608672,-58,C
6053082,-1,0
6529720,-72,0
6348437,-70,0
5938200,-29,0
6218256,-33,C
6134025,-55,0
5513048,-4,C
6086942,-33,C
5114079,-53,0
5062565,-25,X
6099782,-16,0
6170278,-51,1
5439262,-61,0
6460322,-19,0
6262627,-47,C
5438661,-45,X
5012441,0,0
6261913,-71,C
6020414,-27,X
5048113,-61,C
6594764,-3,C
6646755,-17,C
6631393,-24,X
6689967,-18,0
6004836,-66,0
5212837,-67,C
6224375,-45,C
6137418,-34,X
5774378,-44,C
5807661,-54,0
6525823,-11,C
5925512,-15,C
6435045,-6,C
5542763,-35,C
6095106,-36,0
5629230,-5,C
5983694,-19,0
5994613,-34,X
5618208,-23,C
6013577,-61,0
5548284,-8,C
6326124,-1,C
5720530,-28,C
5231538,-7,C
6230967,-8,C
6641354,-51,0
5958715,-84,C
5231556,-49,C
5401552,-6,X
6206898,-64,X
5122271,-8,C
6014374,-21,X
5708742,-84,X
5953918,-5,C
5796178,-2,C
5632265,-72,X
5626357,-20,0
6634794,-46,C
6396135,-2,X
5857605,-25,C
5916269,-14,C
5759406,-9,0
5500956,0,C
6742152,-2,5
6562545,-27,C
6719301,-28,C
6526688,-48,X
6767327,-37,X
6318691,-52,C
5964774,-37,X
5765359,-54,0
5932454,-42,C
5708123,-6,C
6612620,-46,C
6781300,-19,X
6215870,-55,C
5759697,-14,X
5509937,-4,C
5834271,-41,C
5729916,-28,C
5559041,-37,0
5236270,-9,C
5024528,-36,0
5548490,-42,0
6397977,-76,X
6143571,-22,0
6216681,-35,0
6281137,-46,X
5478413,-29,C
6161186,-86,0
6322217,-4,C
6254161,-76,0
6593567,-5,C
6233276,-8,0
5468568,-24,X
5984527,-11,C
6611721,-63,C
6507359,-37,X
6614110,-35,C
6034866,-65,C
6790435,-23,C
5952754,-12,0
6736148,-25,C
6268897,-31,C
6258586,-22,X
6066579,-2,X
5178348,-17,X
6548340,-51,C
5844739,-33,C
5921532,-42,C
6758658,-82,0
5727599,-10,C
6195704,-40,X
5925583,-69,X
6184224,-6,C
5919394,-9,C
5726724,-62,C
5126398,-65,0
5940725,-48,0
6670913,-23,C
6360088,-5,X
6308498,-16,C
5706813,-51,X
6574609,-8,X
